"","V1","match_id","match_date","match_time","outcome","closing_odds_outcome","home_opening","home_closing","draw_opening","draw_closing","away_opening","away_closing","home_opening_minus_closing","draw_opening_minus_closing","away_opening_minus_closing","home_min","home_max","home_range","draw_min","draw_max","draw_range","away_min","away_max","away_range"
"1",1,1011108,"2015-09-26","13:45:00","home",3.75,3.5,3.75,3.6,3.6,2.2,1.91,-0.25,0,0.29,3.5,4.2,0.7,3.6,3.8,0.2,1.91,2.2,0.29
"2",2,1011421,"2015-09-26","16:00:00","away",1.83,4.5,4,3.75,3.75,1.8,1.83,0.5,0,-0.03,4,4.5,0.5,3.75,3.75,0,1.8,1.83,0.03
"3",3,1011422,"2015-09-26","16:00:00","home",1.44,1.53,1.44,4.33,4.33,7,7,0.0900000000000001,0,0,1.44,1.53,0.0900000000000001,4,4.6,0.6,7,8.5,1.5
"4",4,1011423,"2015-09-26","16:00:00","home",1.2,1.22,1.2,7,6.5,16,13,0.02,0.5,3,1.2,1.22,0.02,6.5,7.5,1,13,16,3
"5",5,1011424,"2015-09-26","16:00:00","home",2,1.91,2,3.5,3.5,4.33,3.75,-0.0900000000000001,0,0.58,1.91,2.05,0.14,3.3,3.5,0.2,3.75,4.33,0.58
"6",6,1011425,"2015-09-26","16:00:00","home",2.45,2.5,2.45,3.3,3.25,3,2.88,0.0499999999999998,0.0499999999999998,0.12,2.45,2.63,0.18,3.25,3.3,0.0499999999999998,2.88,3,0.12
"7",7,1011426,"2015-09-26","16:00:00","draw",3.4,2.25,2.1,3.4,3.4,3.2,3.4,0.15,0,-0.2,2.1,2.38,0.28,3.4,3.6,0.2,3.2,3.4,0.2
"8",8,1011797,"2015-09-26","18:30:00","draw",4,6,4.75,4,4,1.67,1.67,1.25,0,0,4.75,6,1.25,4,4.2,0.2,1.62,1.67,0.0499999999999998
"9",9,1020180,"2015-09-27","17:00:00","away",2.88,2.6,2.4,3.3,3.3,2.9,2.88,0.2,0,0.02,2.4,2.6,0.2,3.3,3.4,0.1,2.88,3.1,0.22
"10",10,1030535,"2015-09-28","21:00:00","away",2.5,2.9,3.1,3.25,3.3,2.63,2.5,-0.2,-0.0499999999999998,0.13,2.9,3.2,0.3,3.25,3.3,0.0499999999999998,2.45,2.63,0.18
"11",11,1068545,"2015-10-03","13:45:00","home",1.75,1.83,1.75,3.5,3.5,5,4.75,0.0800000000000001,0,0.25,1.75,1.91,0.16,3.5,3.5,0,4.5,5.25,0.75
"12",12,1068964,"2015-10-03","16:00:00","away",3,2.6,2.4,3.3,3.2,3.1,3,0.2,0.0999999999999996,0.1,2.4,2.63,0.23,3.2,3.3,0.0999999999999996,2.9,3.1,0.2
"13",13,1068965,"2015-10-03","16:00:00","draw",3.4,2.15,2.1,3.5,3.4,3.7,3.4,0.0499999999999998,0.1,0.3,2.1,2.25,0.15,3.4,3.5,0.1,3.4,3.8,0.4
"14",14,1068966,"2015-10-03","16:00:00","home",1.22,1.25,1.22,6.5,6,13,12,0.03,0.5,1,1.2,1.25,0.05,6,6.5,0.5,12,13,1
"15",15,1068967,"2015-10-03","16:00:00","away",3.1,2.3,2.25,3.6,3.4,3.3,3.1,0.0499999999999998,0.2,0.2,2.15,2.3,0.15,3.4,3.6,0.2,3.1,3.5,0.4
"16",16,1068968,"2015-10-03","16:00:00","draw",3.3,3.1,3.1,3.3,3.3,2.4,2.3,0,0,0.1,3.1,3.1,0,3.3,3.3,0,2.3,2.4,0.1
"17",17,1069400,"2015-10-03","18:30:00","away",5.25,1.8,1.67,3.75,3.6,4.75,5.25,0.13,0.15,-0.5,1.67,1.85,0.18,3.6,3.75,0.15,4.75,5.25,0.5
"18",18,1081290,"2015-10-04","14:30:00","draw",3.25,3,2.5,3.25,3.25,2.5,2.8,0.5,0,-0.3,2.5,3.1,0.6,3.25,3.25,0,2.45,2.8,0.35
"19",19,1081678,"2015-10-04","17:00:00","home",2,2.05,2,3.75,3.4,3.9,3.75,0.0499999999999998,0.35,0.15,2,2.05,0.0499999999999998,3.4,3.8,0.4,3.75,3.9,0.15
"20",20,1081679,"2015-10-04","17:00:00","draw",3.2,2.75,2.63,3.3,3.2,2.75,2.63,0.12,0.0999999999999996,0.12,2.63,2.8,0.17,3.2,3.4,0.2,2.63,2.88,0.25
"21",21,1193897,"2015-10-17","13:45:00","draw",3.5,2.2,2.4,3.4,3.5,3.5,2.88,-0.2,-0.1,0.62,2.2,2.5,0.3,3.4,3.6,0.2,2.8,3.5,0.7
"22",22,1194216,"2015-10-17","16:00:00","home",1.33,1.33,1.33,5.75,5.5,10,8.5,0,0.25,1.5,1.33,1.33,0,5.5,5.75,0.25,8.5,11,2.5
"23",23,1194217,"2015-10-17","16:00:00","away",4,1.91,1.91,3.8,3.6,4.33,4,0,0.2,0.33,1.85,2.05,0.2,3.6,3.8,0.2,3.8,4.5,0.7
"24",24,1194218,"2015-10-17","16:00:00","away",2.25,3.2,3.4,3.2,3.2,2.4,2.25,-0.2,0,0.15,3.2,3.4,0.2,3.2,3.2,0,2.25,2.4,0.15
"25",25,1194219,"2015-10-17","16:00:00","home",1.33,1.36,1.33,5.25,5,9.5,10,0.03,0.25,-0.5,1.33,1.36,0.03,5,5.75,0.75,9.5,11,1.5
"26",26,1194220,"2015-10-17","16:00:00","draw",3.8,1.7,1.7,4,3.8,4.5,4.75,0,0.2,-0.25,1.7,1.7,0,3.8,4,0.2,4.5,4.75,0.25
"27",27,1194221,"2015-10-17","16:00:00","home",2,2.05,2,3.3,3.3,4.2,3.8,0.0499999999999998,0,0.4,2,2.05,0.0499999999999998,3.3,3.3,0,3.8,4.2,0.4
"28",28,1194535,"2015-10-17","18:30:00","away",1.57,6.5,6,4.5,4,1.53,1.57,0.5,0.5,-0.04,6,6.5,0.5,4,4.5,0.5,1.53,1.62,0.0900000000000001
"29",29,1204659,"2015-10-18","17:00:00","home",2.6,2.5,2.6,3.4,3.25,3,2.8,-0.1,0.15,0.2,2.5,2.6,0.1,3.25,3.4,0.15,2.8,3,0.2
"30",30,1211756,"2015-10-19","21:00:00","away",4.2,2.05,2.05,3.3,3.3,4.2,4.2,0,0,0,2.05,2.1,0.0500000000000003,3.3,3.3,0,4,4.2,0.2
"31",31,1212224,"2015-11-01","14:30:00","home",1.44,1.53,1.44,4.4,4.5,7.5,7.5,0.0900000000000001,-0.0999999999999996,0,1.44,1.53,0.0900000000000001,4.33,4.5,0.17,7,7.5,0.5
"32",32,1212476,"2015-11-01","17:00:00","home",1.53,1.55,1.53,4.2,4,6.5,7,0.02,0.2,-0.5,1.53,1.65,0.12,4,4.33,0.33,6,7,1
"33",33,1212714,"2015-11-02","21:00:00","home",1.44,1.36,1.44,5.25,4.75,9.5,8,-0.0799999999999998,0.5,1.5,1.36,1.44,0.0799999999999998,4.75,5.25,0.5,8,9.5,1.5
"34",34,1239291,"2015-11-07","13:45:00","away",3.25,2.15,2.1,3.7,3.5,3.3,3.25,0.0499999999999998,0.2,0.0499999999999998,2.1,2.3,0.2,3.4,3.7,0.3,3.2,3.4,0.2
"35",35,1239558,"2015-11-07","16:00:00","home",1.8,1.85,1.8,3.8,3.75,4.5,4.2,0.05,0.0499999999999998,0.3,1.8,1.85,0.05,3.75,3.8,0.0499999999999998,4.2,4.5,0.3
"36",36,1239559,"2015-11-07","16:00:00","home",1.29,1.33,1.29,5,5.25,12,10,0.04,-0.25,2,1.29,1.33,0.04,5,5.25,0.25,9,12,3
"37",37,1239560,"2015-11-07","16:00:00","home",2.5,2.5,2.5,3.5,3.2,3,2.88,0,0.3,0.12,2.45,2.5,0.0499999999999998,3.2,3.5,0.3,2.8,3.1,0.3
"38",38,1239561,"2015-11-07","16:00:00","away",1.73,5,5,4.1,3.5,1.75,1.73,0,0.6,0.02,5,5,0,3.5,4.1,0.6,1.73,1.83,0.1
"39",39,1239562,"2015-11-07","16:00:00","draw",3.3,2.55,2.5,3.5,3.3,2.9,2.8,0.0499999999999998,0.2,0.1,2.5,2.6,0.1,3.3,3.5,0.2,2.8,2.9,0.1
"40",40,1239828,"2015-11-07","18:30:00","home",3.5,4.33,3.5,3.5,3.4,1.95,2.05,0.83,0.1,-0.0999999999999999,3.4,4.33,0.93,3.4,3.6,0.2,1.95,2.1,0.15
"41",41,1251372,"2015-11-08","14:30:00","draw",4.5,7.5,6.5,5,4.5,1.44,1.44,1,0.5,0,6.5,7.5,1,4.5,5,0.5,1.44,1.44,0
"42",42,1251645,"2015-11-08","17:00:00","draw",4,1.75,1.62,4.1,4,4.75,5.25,0.13,0.0999999999999996,-0.5,1.62,1.75,0.13,3.8,4.2,0.4,4.75,5.25,0.5
"43",43,1251646,"2015-11-08","17:00:00","away",5.5,1.65,1.67,4.1,3.6,6,5.5,-0.02,0.5,0.5,1.62,1.67,0.0499999999999998,3.6,4.1,0.5,5.5,6,0.5
"44",44,1334286,"2015-11-21","13:45:00","away",1.83,4.2,4.75,3.3,3.4,2.05,1.83,-0.55,-0.1,0.22,4.2,4.75,0.55,3.3,3.5,0.2,1.83,2.05,0.22
"45",45,1334497,"2015-11-21","16:00:00","home",1.4,1.44,1.4,4.75,4.75,9,8,0.04,0,1,1.4,1.44,0.04,4.75,5,0.25,8,9,1
"46",46,1334498,"2015-11-21","16:00:00","home",1.57,1.67,1.57,4,4,6,6,0.0999999999999999,0,0,1.57,1.67,0.0999999999999999,4,4.2,0.2,6,6.5,0.5
"47",47,1334499,"2015-11-21","16:00:00","away",2.5,2.8,2.8,3.5,3.4,2.55,2.5,0,0.1,0.0499999999999998,2.75,2.88,0.13,3.4,3.6,0.2,2.5,2.63,0.13
"48",48,1334500,"2015-11-21","16:00:00","away",6,1.73,1.57,4,4,5.5,6,0.16,0,-0.5,1.57,1.73,0.16,4,4,0,5.5,7,1.5
"49",49,1334501,"2015-11-21","16:00:00","draw",3.5,2.25,1.83,3.3,3.5,3.6,4.5,0.42,-0.2,-0.9,1.83,2.25,0.42,3.3,3.6,0.3,3.6,4.5,0.9
"50",50,1334502,"2015-11-21","16:00:00","home",7,7,7,4.2,4.2,1.53,1.5,0,0,0.03,6,7,1,4.2,4.33,0.13,1.5,1.6,0.1
"51",51,1334757,"2015-11-21","18:30:00","away",5.5,1.8,1.62,3.75,4,4.8,5.5,0.18,-0.25,-0.7,1.62,1.8,0.18,3.75,4.1,0.35,4.8,5.75,0.95
"52",52,1341360,"2015-11-22","17:00:00","home",1.57,1.6,1.57,4.33,4,5.75,6,0.03,0.33,-0.25,1.57,1.65,0.0799999999999998,4,4.33,0.33,5.75,6.5,0.75
"53",53,1347121,"2015-11-23","21:00:00","away",7,1.57,1.57,4.2,4,6,7,0,0.2,-1,1.55,1.6,0.05,4,4.33,0.33,6,7,1
"54",54,1376395,"2015-11-28","16:00:00","away",2.8,2.8,2.55,3.25,3.2,2.88,2.8,0.25,0.0499999999999998,0.0800000000000001,2.55,2.8,0.25,3.1,3.3,0.2,2.8,2.88,0.0800000000000001
"55",55,1376396,"2015-11-28","16:00:00","draw",3.3,2.63,2.8,3.5,3.3,2.75,2.5,-0.17,0.2,0.25,2.63,3,0.37,3.3,3.6,0.3,2.4,2.75,0.35
"56",56,1376397,"2015-11-28","16:00:00","home",1.73,1.73,1.73,3.75,3.5,5.25,5,0,0.25,0.25,1.7,1.73,0.03,3.5,4,0.5,5,5.5,0.5
"57",57,1376398,"2015-11-28","16:00:00","home",1.53,1.6,1.53,4,4.33,6,5.5,0.0700000000000001,-0.33,0.5,1.5,1.67,0.17,4,4.5,0.5,5.5,6.5,1
"58",58,1376399,"2015-11-28","16:00:00","home",3.1,2.9,3.1,3.3,3.4,2.65,2.25,-0.2,-0.1,0.4,2.9,3.3,0.4,3.2,3.4,0.2,2.25,2.65,0.4
"59",59,1376656,"2015-11-28","18:30:00","draw",3.4,3.25,3.2,3.4,3.4,2.3,2.2,0.0499999999999998,0,0.0999999999999996,3,3.25,0.25,3.4,3.5,0.1,2.2,2.45,0.25
"60",60,1382295,"2015-11-29","13:00:00","draw",3.5,2.7,2.4,3.5,3.5,2.8,2.9,0.3,0,-0.1,2.4,2.7,0.3,3.4,3.5,0.1,2.8,2.9,0.1
"61",61,1382592,"2015-11-29","15:05:00","draw",3.5,2.15,1.95,3.4,3.5,3.9,4,0.2,-0.1,-0.1,1.95,2.2,0.25,3.4,3.5,0.1,3.75,4,0.25
"62",62,1382705,"2015-11-29","17:15:00","home",1.44,1.53,1.44,4.33,4.33,7,8,0.0900000000000001,0,-1,1.44,1.53,0.0900000000000001,4.33,4.75,0.42,7,8,1
"63",63,1382706,"2015-11-29","17:15:00","draw",4.33,5.75,5.5,4.2,4.33,1.6,1.57,0.25,-0.13,0.03,5.25,6,0.75,4,4.33,0.33,1.57,1.7,0.13
"64",64,1415069,"2015-12-05","13:45:00","home",5.5,5,5.5,3.9,3.75,1.73,1.62,-0.5,0.15,0.11,5,5.75,0.75,3.75,4.1,0.35,1.62,1.75,0.13
"65",65,1415244,"2015-12-05","16:00:00","home",1.22,1.3,1.22,6.5,6,11,12,0.0800000000000001,0.5,-1,1.22,1.3,0.0800000000000001,6,6.5,0.5,11,14,3
"66",66,1415245,"2015-12-05","16:00:00","draw",4.5,1.45,1.4,4.5,4.5,9,7.5,0.05,0,1.5,1.4,1.45,0.05,4.5,4.75,0.25,7.5,9.5,2
"67",67,1415246,"2015-12-05","16:00:00","draw",4.2,1.53,1.44,4.33,4.2,7,7.5,0.0900000000000001,0.13,-0.5,1.44,1.53,0.0900000000000001,4.2,4.5,0.3,7,8,1
"68",68,1415247,"2015-12-05","16:00:00","away",2.6,2.6,2.63,3.5,3.3,2.88,2.6,-0.0299999999999998,0.2,0.28,2.6,2.8,0.2,3.3,3.5,0.2,2.5,2.88,0.38
"69",69,1415248,"2015-12-05","16:00:00","home",2.05,2.38,2.05,3.3,3.4,3.3,3.5,0.33,-0.1,-0.2,2.05,2.38,0.33,3.3,3.5,0.2,3.3,3.6,0.3
"70",70,1415249,"2015-12-05","16:00:00","draw",3.5,4.6,4.5,3.7,3.5,1.85,1.8,0.0999999999999996,0.2,0.05,4.5,4.75,0.25,3.5,3.7,0.2,1.8,1.91,0.11
"71",71,1415467,"2015-12-05","18:30:00","away",8,1.44,1.36,4.75,4.75,10,8,0.0799999999999998,0,2,1.33,1.44,0.11,4.75,5.75,1,8,10,2
"72",72,1423095,"2015-12-06","17:00:00","home",5.5,6,5.5,4.33,4,1.57,1.57,0.5,0.33,0,5.5,6,0.5,4,4.5,0.5,1.57,1.62,0.05
"73",73,1430970,"2015-12-07","21:00:00","draw",3.7,2.05,2.05,3.6,3.7,3.75,3.75,0,-0.1,0,2.05,2.05,0,3.6,3.7,0.1,3.7,3.8,0.0999999999999996
"74",74,1459700,"2015-12-12","13:45:00","draw",3.3,3.1,2.88,3.4,3.3,2.45,2.4,0.22,0.1,0.0500000000000003,2.88,3.1,0.22,3.3,3.5,0.2,2.38,2.55,0.17
"75",75,1459857,"2015-12-12","16:00:00","home",2.5,2.45,2.5,3.4,3.25,3.2,2.8,-0.0499999999999998,0.15,0.4,2.45,2.7,0.25,3.25,3.4,0.15,2.8,3.2,0.4
"76",76,1459858,"2015-12-12","16:00:00","home",1.25,1.36,1.25,5.25,5.75,9.5,11,0.11,-0.5,-1.5,1.25,1.36,0.11,5,6.5,1.5,9,11,2
"77",77,1459859,"2015-12-12","16:00:00","away",2.5,2.75,2.8,3.3,3.25,2.63,2.5,-0.0499999999999998,0.0499999999999998,0.13,2.75,2.9,0.15,3.2,3.3,0.0999999999999996,2.5,2.88,0.38
"78",78,1459860,"2015-12-12","16:00:00","draw",3.2,2.8,2.38,3.3,3.2,2.8,3,0.42,0.0999999999999996,-0.2,2.38,2.8,0.42,3.2,3.3,0.0999999999999996,2.8,3,0.2
"79",79,1460086,"2015-12-12","18:30:00","home",3.4,3.2,3.4,3.2,3.3,2.45,2.15,-0.2,-0.0999999999999996,0.3,3.2,3.5,0.3,3.2,3.4,0.2,2.15,2.45,0.3
"80",80,1465816,"2015-12-13","14:30:00","away",1.55,6,6,4.5,4.2,1.6,1.55,0,0.3,0.05,6,7,1,4.2,4.5,0.3,1.53,1.6,0.0700000000000001
"81",81,1466030,"2015-12-13","17:00:00","draw",4.5,1.4,1.4,4.8,4.5,9.5,9,0,0.3,0.5,1.4,1.44,0.04,4.5,4.8,0.3,9,10,1
"82",82,1466031,"2015-12-13","17:00:00","away",8.5,1.4,1.36,5.25,5,8.5,8.5,0.0399999999999998,0.25,0,1.36,1.4,0.0399999999999998,5,5.5,0.5,8.5,9.5,1
"83",83,1473063,"2015-12-14","21:00:00","home",3.2,3.5,3.2,3.6,3.5,2.2,2.35,0.3,0.1,-0.15,3.1,3.5,0.4,3.5,3.6,0.1,2.2,2.38,0.18
"84",84,1502404,"2015-12-19","16:00:00","home",1.33,1.3,1.33,5.25,5,12,9,-0.03,0.25,3,1.25,1.33,0.0800000000000001,5,5.5,0.5,9,13,4
"85",85,1502405,"2015-12-19","16:00:00","away",3.6,2.15,2,3.8,3.5,3.4,3.6,0.15,0.3,-0.2,2,2.15,0.15,3.5,3.8,0.3,3.4,3.75,0.35
"86",86,1502406,"2015-12-19","16:00:00","away",7,1.44,1.44,4.75,4.33,8,7,0,0.42,1,1.44,1.45,0.01,4.33,4.75,0.42,7,8.5,1.5
"87",87,1502407,"2015-12-19","16:00:00","away",2.75,2.75,2.5,3.3,3.3,2.7,2.75,0.25,0,-0.0499999999999998,2.5,2.75,0.25,3.25,3.4,0.15,2.7,2.8,0.0999999999999996
"88",88,1502408,"2015-12-19","16:00:00","away",2.88,2.55,2.45,3.2,3.25,3.1,2.88,0.0999999999999996,-0.0499999999999998,0.22,2.45,2.55,0.0999999999999996,3.2,3.25,0.0499999999999998,2.88,3.2,0.32
"89",89,1502409,"2015-12-19","16:00:00","away",3,2.6,2.38,3.25,3.25,2.95,3,0.22,0,-0.0499999999999998,2.38,2.6,0.22,3.25,3.25,0,2.95,3,0.0499999999999998
"90",90,1502638,"2015-12-19","18:30:00","draw",3.4,2,2,3.6,3.4,4,3.75,0,0.2,0.25,2,2.05,0.0499999999999998,3.4,3.6,0.2,3.75,4,0.25
"91",91,1509726,"2015-12-20","14:30:00","home",3.75,3.8,3.75,3.6,3.4,2.1,2,0.0499999999999998,0.2,0.1,3.75,4.2,0.45,3.4,3.6,0.2,1.95,2.1,0.15
"92",92,1509920,"2015-12-20","17:00:00","draw",3.4,2,2,3.5,3.4,4.33,3.75,0,0.1,0.58,2,2.15,0.15,3.4,3.5,0.1,3.6,4.33,0.73
"93",93,1517560,"2015-12-21","21:00:00","home",2.45,2.5,2.45,3.4,3.5,3.1,3,0.0499999999999998,-0.1,0.1,2.38,2.5,0.12,3.4,3.6,0.2,3,3.1,0.1
"94",94,1543396,"2015-12-26","13:45:00","home",3.25,3.4,3.25,3.2,3.2,2.38,2.3,0.15,0,0.0800000000000001,3.25,3.5,0.25,3.2,3.25,0.0499999999999998,2.3,2.4,0.1
"95",95,1543445,"2015-12-26","16:00:00","draw",3.25,2.55,2.63,3.3,3.25,3.1,2.75,-0.0800000000000001,0.0499999999999998,0.35,2.5,2.7,0.2,3.25,3.3,0.0499999999999998,2.75,3.1,0.35
"96",96,1543446,"2015-12-26","16:00:00","draw",3.3,2.2,2.4,3.4,3.3,3.6,3,-0.2,0.1,0.6,2.2,2.45,0.25,3.3,3.5,0.2,3,3.6,0.6
"97",97,1543447,"2015-12-26","16:00:00","draw",4.33,1.5,1.44,4.5,4.33,7.5,8,0.0600000000000001,0.17,-0.5,1.44,1.53,0.0900000000000001,4.33,4.5,0.17,6.5,8,1.5
"98",98,1543448,"2015-12-26","16:00:00","home",1.91,2.05,1.91,3.9,3.8,3.75,3.8,0.14,0.1,-0.0499999999999998,1.91,2.05,0.14,3.6,3.9,0.3,3.75,4,0.25
"99",99,1543449,"2015-12-26","16:00:00","home",1.2,1.22,1.2,7,7,13,13,0.02,0,0,1.2,1.22,0.02,7,7,0,13,13,0
"100",100,1543450,"2015-12-26","16:00:00","home",1.91,2,1.91,3.4,3.4,4.5,4.5,0.0900000000000001,0,0,1.91,2,0.0900000000000001,3.4,3.4,0,4.33,4.5,0.17
"101",101,1543451,"2015-12-26","16:00:00","home",1.4,1.5,1.4,4.5,4.75,7.5,8,0.1,-0.25,-0.5,1.4,1.5,0.1,4.5,4.75,0.25,7.5,8,0.5
"102",102,1543598,"2015-12-26","18:30:00","away",2.2,3.6,3.2,3.6,3.5,2.15,2.2,0.4,0.1,-0.0500000000000003,3.2,3.6,0.4,3.5,3.6,0.1,2.15,2.3,0.15
"103",103,1543607,"2015-12-26","20:45:00","home",3.6,3.5,3.6,3.5,3.5,2.25,2.05,-0.1,0,0.2,3.1,3.75,0.65,3.5,3.6,0.1,2.05,2.45,0.4
"104",104,1552880,"2015-12-28","16:00:00","draw",3.4,1.95,1.91,3.5,3.4,4.2,4.33,0.04,0.1,-0.13,1.91,2.25,0.34,3.3,3.5,0.2,3.6,4.33,0.73
"105",105,1552881,"2015-12-28","16:00:00","away",4.2,1.91,2,3.6,3.2,4.5,4.2,-0.0900000000000001,0.4,0.3,1.91,2,0.0900000000000001,3.2,3.6,0.4,4,4.5,0.5
"106",106,1552882,"2015-12-28","16:00:00","home",1.95,1.91,1.95,3.5,3.5,4.5,4,-0.04,0,0.5,1.91,2.05,0.14,3.3,3.6,0.3,3.8,4.5,0.7
"107",107,1552883,"2015-12-28","16:00:00","away",2.15,3.4,3.4,3.5,3.4,2.3,2.15,0,0.1,0.15,3.4,3.8,0.4,3.3,3.6,0.3,2,2.3,0.3
"108",108,1552884,"2015-12-28","16:00:00","home",2.2,2.2,2.2,3.3,3.3,3.9,3.4,0,0,0.5,2.15,2.2,0.0500000000000003,3.25,3.4,0.15,3.4,3.9,0.5
"109",109,1552966,"2015-12-28","18:30:00","home",1.4,1.5,1.4,4.5,4.75,7.5,8,0.1,-0.25,-0.5,1.4,1.53,0.13,4.2,4.75,0.55,7,8,1
"110",110,1552967,"2015-12-28","18:30:00","draw",3.3,2.55,2.5,3.3,3.3,3.1,2.9,0.0499999999999998,0,0.2,2.5,2.7,0.2,3.2,3.3,0.0999999999999996,2.9,3.1,0.2
"111",111,1552968,"2015-12-28","18:30:00","home",3.1,3.4,3.1,3.4,3.2,2.3,2.4,0.3,0.2,-0.1,3.1,3.6,0.5,3.2,3.4,0.2,2.2,2.4,0.2
"112",112,1557740,"2015-12-29","20:45:00","draw",3.75,4.33,4,3.9,3.75,1.83,1.85,0.33,0.15,-0.02,4,4.33,0.33,3.75,4,0.25,1.83,1.91,0.0799999999999998
"113",113,1562284,"2015-12-30","20:45:00","away",1.7,5.5,5.5,3.9,3.9,1.7,1.7,0,0,0,5.5,5.5,0,3.9,4,0.1,1.67,1.7,0.03
"114",114,1581425,"2016-01-02","13:45:00","home",3.6,4,3.6,3.5,3.5,2,2.05,0.4,0,-0.0499999999999998,3.6,4,0.4,3.5,3.6,0.1,1.91,2.05,0.14
"115",115,1581461,"2016-01-02","16:00:00","home",1.29,1.29,1.29,6.5,5.5,11,11,0,1,0,1.22,1.29,0.0700000000000001,5.5,6.5,1,10,12,2
"116",116,1581462,"2016-01-02","16:00:00","draw",3.6,2,1.91,3.7,3.6,4,3.8,0.0900000000000001,0.1,0.2,1.85,2.05,0.2,3.5,3.8,0.3,3.8,4.33,0.53
"117",117,1581463,"2016-01-02","16:00:00","home",1.5,1.53,1.5,4.2,4.2,7.5,6.5,0.03,0,1,1.5,1.55,0.05,4,4.33,0.33,6.5,8,1.5
"118",118,1581464,"2016-01-02","16:00:00","home",3.3,3.2,3.3,3.4,3.25,2.45,2.25,-0.0999999999999996,0.15,0.2,3.2,3.3,0.0999999999999996,3.25,3.4,0.15,2.25,2.45,0.2
"119",119,1581465,"2016-01-02","16:00:00","home",2.38,2.45,2.38,3.25,3.3,3.25,3.1,0.0700000000000003,-0.0499999999999998,0.15,2.38,2.5,0.12,3.25,3.3,0.0499999999999998,3,3.3,0.3
"120",120,1581466,"2016-01-02","16:00:00","home",2.63,2.8,2.63,3.2,3.1,2.9,2.88,0.17,0.1,0.02,2.63,2.9,0.27,3.1,3.2,0.1,2.75,2.9,0.15
"121",121,1581645,"2016-01-02","18:30:00","away",1.67,5.25,5,3.8,3.8,1.7,1.67,0.25,0,0.03,5,5.25,0.25,3.8,3.8,0,1.67,1.75,0.0800000000000001
"122",122,1589105,"2016-01-03","14:30:00","away",2.05,4.2,3.75,3.4,3.4,2,2.05,0.45,0,-0.0499999999999998,3.75,4.2,0.45,3.4,3.4,0,2,2.1,0.1
"123",123,1589185,"2016-01-03","17:00:00","draw",3.4,2.6,2.63,3.4,3.4,2.8,2.63,-0.0299999999999998,0,0.17,2.6,2.8,0.2,3.4,3.4,0,2.63,2.8,0.17
"124",124,1654677,"2016-01-12","20:45:00","home",2.88,3.2,2.88,3.25,3.2,2.5,2.5,0.32,0.0499999999999998,0,2.88,3.2,0.32,3.2,3.3,0.0999999999999996,2.45,2.5,0.0499999999999998
"125",125,1654678,"2016-01-12","20:45:00","away",3.5,1.95,2.05,3.6,3.4,4,3.5,-0.0999999999999999,0.2,0.5,1.95,2.1,0.15,3.4,3.6,0.2,3.5,4,0.5
"126",126,1654679,"2016-01-12","20:45:00","draw",3.6,5.25,4.33,3.7,3.6,1.75,1.8,0.92,0.1,-0.05,4.33,5.25,0.92,3.6,3.8,0.2,1.7,1.83,0.13
"127",127,1662514,"2016-01-13","20:45:00","draw",4.75,1.48,1.36,4.33,4.75,8.5,8.5,0.12,-0.42,0,1.36,1.48,0.12,4.33,5,0.67,8,9.5,1.5
"128",128,1662515,"2016-01-13","20:45:00","draw",4.75,1.55,1.44,4.75,4.75,6,6,0.11,0,0,1.44,1.55,0.11,4.5,4.75,0.25,6,6.5,0.5
"129",129,1662516,"2016-01-13","20:45:00","home",1.91,1.95,1.91,3.5,3.4,4.2,4,0.04,0.1,0.2,1.91,2,0.0900000000000001,3.4,3.7,0.3,4,4.5,0.5
"130",130,1662517,"2016-01-13","20:45:00","home",2,2,2,3.5,3.3,4.33,3.8,0,0.2,0.53,2,2.05,0.0499999999999998,3.3,3.5,0.2,3.8,4.33,0.53
"131",131,1662518,"2016-01-13","20:45:00","away",5.5,1.91,1.67,3.4,3.5,4.75,5.5,0.24,-0.1,-0.75,1.67,1.91,0.24,3.4,3.75,0.35,4.75,5.5,0.75
"132",132,1662520,"2016-01-13","21:00:00","draw",3.4,2.7,2.9,3.5,3.4,2.8,2.38,-0.2,0.1,0.42,2.6,3.1,0.5,3.4,3.5,0.1,2.38,2.88,0.5
"133",133,1662521,"2016-01-13","21:00:00","away",5,1.8,1.7,3.9,3.6,5,5,0.1,0.3,0,1.7,1.8,0.1,3.6,3.9,0.3,5,5.25,0.25
"134",134,1681685,"2016-01-16","13:45:00","home",1.29,1.4,1.29,5,5.5,9,11,0.11,-0.5,-2,1.29,1.4,0.11,5,5.5,0.5,8,11,3
"135",135,1681776,"2016-01-16","16:00:00","home",1.83,1.83,1.83,3.4,3.5,4.33,4.5,0,-0.1,-0.17,1.83,1.91,0.0799999999999998,3.4,3.5,0.1,4,4.5,0.5
"136",136,1681777,"2016-01-16","16:00:00","draw",3.8,1.73,1.67,3.8,3.8,5,5.25,0.0600000000000001,0,-0.25,1.67,1.83,0.16,3.75,3.8,0.0499999999999998,4.75,5.25,0.5
"137",137,1681778,"2016-01-16","16:00:00","home",1.36,1.33,1.36,5.25,5,8.5,8.5,-0.03,0.25,0,1.33,1.4,0.0699999999999998,5,5.75,0.75,8.5,10,1.5
"138",138,1681779,"2016-01-16","16:00:00","home",2.5,2.38,2.5,3.2,3.25,3.4,2.9,-0.12,-0.0499999999999998,0.5,2.38,2.6,0.22,3.2,3.4,0.2,2.9,3.4,0.5
"139",139,1681780,"2016-01-16","16:00:00","home",1.73,1.67,1.73,3.8,3.5,6,5.5,-0.0600000000000001,0.3,0.5,1.67,1.75,0.0800000000000001,3.5,3.8,0.3,5.5,6,0.5
"140",140,1681977,"2016-01-16","18:30:00","draw",3.4,3.75,3.4,3.4,3.4,2.2,2.2,0.35,0,0,3.3,3.75,0.45,3.3,3.4,0.1,2.05,2.25,0.2
"141",141,1689783,"2016-01-17","15:05:00","away",3.3,2.63,2.3,3.2,3.2,3.2,3.3,0.33,0,-0.0999999999999996,2.15,2.63,0.48,3.2,3.3,0.0999999999999996,3.2,3.6,0.4
"142",142,1689873,"2016-01-17","17:15:00","draw",3.6,3.5,4.33,3.25,3.6,2.3,1.85,-0.83,-0.35,0.45,3.5,4.33,0.83,3.25,3.75,0.5,1.85,2.3,0.45
"143",143,1697832,"2016-01-18","21:00:00","home",2.4,2.38,2.4,3.25,3.25,3.4,3.3,-0.02,0,0.1,2.38,2.4,0.02,3.25,3.25,0,3.3,3.4,0.1
"144",144,1726928,"2016-01-23","13:45:00","away",1.85,4.5,4.33,3.4,3.4,1.95,1.85,0.17,0,0.0999999999999999,4,4.5,0.5,3.3,3.6,0.3,1.85,2.1,0.25
"145",145,1727042,"2016-01-23","16:00:00","away",2.05,3.6,3.6,3.5,3.3,2.2,2.05,0,0.2,0.15,3.5,3.75,0.25,3.3,3.5,0.2,2.05,2.2,0.15
"146",146,1727043,"2016-01-23","16:00:00","home",2,1.95,2,3.5,3.4,3.9,3.75,-0.05,0.1,0.15,1.95,2.1,0.15,3.4,3.5,0.1,3.75,3.9,0.15
"147",147,1727044,"2016-01-23","16:00:00","away",4.33,2,1.83,3.4,3.5,4.5,4.33,0.17,-0.1,0.17,1.83,2,0.17,3.4,3.5,0.1,4.33,5,0.67
"148",148,1727045,"2016-01-23","16:00:00","draw",3.2,2.9,3,3.2,3.2,2.6,2.38,-0.1,0,0.22,2.9,3.1,0.2,3.2,3.2,0,2.38,2.6,0.22
"149",149,1727046,"2016-01-23","16:00:00","home",2,2.1,2,3.5,3.3,4.33,3.75,0.1,0.2,0.58,2,2.1,0.1,3.3,3.5,0.2,3.6,4.33,0.73
"150",150,1727047,"2016-01-23","16:00:00","draw",3.3,2.2,2.05,3.1,3.3,3.75,3.6,0.15,-0.2,0.15,2.05,2.2,0.15,3.1,3.3,0.2,3.6,4,0.4
"151",151,1727305,"2016-01-23","18:30:00","draw",3.75,5.5,5.25,4,3.75,1.67,1.65,0.25,0.25,0.02,5,5.5,0.5,3.75,4,0.25,1.65,1.73,0.0800000000000001
"152",152,1735051,"2016-01-24","14:30:00","away",5.25,1.83,1.7,3.6,3.75,5,5.25,0.13,-0.15,-0.25,1.67,1.83,0.16,3.6,3.8,0.2,5,6,1
"153",153,1735189,"2016-01-24","17:00:00","away",3.6,2.25,2.05,3.3,3.5,3.6,3.6,0.2,-0.2,0,2,2.25,0.25,3.3,3.6,0.3,3.6,4,0.4
"154",154,1794073,"2016-02-02","20:45:00","draw",3.6,1.8,1.75,3.7,3.6,5.25,4.75,0.05,0.1,0.5,1.75,1.83,0.0800000000000001,3.6,3.75,0.15,4.75,5.25,0.5
"155",155,1794074,"2016-02-02","20:45:00","home",2.45,2.88,2.45,3.4,3.2,2.7,2.88,0.43,0.2,-0.18,2.45,2.88,0.43,3.2,3.4,0.2,2.7,2.9,0.2
"156",156,1794075,"2016-02-02","20:45:00","away",1.91,5,4,4,3.5,1.8,1.91,1,0.5,-0.11,4,5,1,3.5,4,0.5,1.8,1.91,0.11
"157",157,1794076,"2016-02-02","20:45:00","away",1.44,7,7,4.6,4.33,1.53,1.44,0,0.27,0.0900000000000001,7,8,1,4.33,5,0.67,1.44,1.53,0.0900000000000001
"158",158,1794077,"2016-02-02","20:45:00","home",1.85,1.91,1.85,3.4,3.5,4.75,4.2,0.0599999999999998,-0.1,0.55,1.75,1.95,0.2,3.4,3.7,0.3,4.2,5,0.8
"159",159,1794704,"2016-02-02","21:00:00","away",3.25,2.5,2.25,3.25,3.25,3.1,3.25,0.25,0,-0.15,2.25,2.5,0.25,3.25,3.3,0.0499999999999998,3.1,3.25,0.15
"160",160,1794705,"2016-02-02","21:00:00","home",1.73,1.67,1.73,3.8,3.5,6,5,-0.0600000000000001,0.3,1,1.67,1.73,0.0600000000000001,3.5,3.8,0.3,5,6,1
"161",161,1794706,"2016-02-02","21:00:00","draw",3.1,2.63,2.5,3.2,3.1,3.1,2.9,0.13,0.1,0.2,2.5,2.7,0.2,3.1,3.2,0.1,2.9,3.1,0.2
"162",162,1799494,"2016-02-03","20:45:00","home",1.62,1.65,1.62,4.33,4,5.5,5.25,0.0299999999999998,0.33,0.25,1.62,1.65,0.0299999999999998,4,4.33,0.33,5.25,5.5,0.25
"163",163,1799495,"2016-02-03","20:45:00","draw",3.4,4.75,3.75,3.6,3.4,1.83,2,1,0.2,-0.17,3.75,4.75,1,3.4,3.6,0.2,1.83,2,0.17
"164",164,1816740,"2016-02-06","13:45:00","away",6,1.65,1.5,4.2,4.33,5.5,6,0.15,-0.13,-0.5,1.5,1.65,0.15,4,4.33,0.33,5.5,6,0.5
"165",165,1816860,"2016-02-06","16:00:00","home",2.3,2.5,2.3,3.2,3.2,3.2,3.2,0.2,0,0,2.3,2.5,0.2,3.2,3.2,0,3.2,3.3,0.0999999999999996
"166",166,1816861,"2016-02-06","16:00:00","draw",4.5,1.45,1.4,4.5,4.5,8,8,0.05,0,0,1.4,1.45,0.05,4.5,4.5,0,8,8.5,0.5
"167",167,1816862,"2016-02-06","16:00:00","home",2,2.3,2,3.25,3.3,3.8,3.8,0.3,-0.0499999999999998,0,2,2.3,0.3,3.25,3.4,0.15,3.5,3.8,0.3
"168",168,1816863,"2016-02-06","16:00:00","away",2.75,2.9,2.6,3.3,3.2,2.6,2.75,0.3,0.0999999999999996,-0.15,2.6,2.9,0.3,3.2,3.4,0.2,2.6,2.8,0.2
"169",169,1816864,"2016-02-06","16:00:00","draw",3.2,2.2,2.25,3.3,3.2,3.8,3.3,-0.0499999999999998,0.0999999999999996,0.5,2.2,2.25,0.0499999999999998,3.2,3.3,0.0999999999999996,3.3,3.8,0.5
"170",170,1816865,"2016-02-06","16:00:00","home",1.44,1.53,1.44,4.2,4.33,8,7,0.0900000000000001,-0.13,1,1.44,1.53,0.0900000000000001,4.2,4.5,0.3,7,8,1
"171",171,1817087,"2016-02-06","18:30:00","home",1.62,1.8,1.62,3.6,3.6,5.25,6,0.18,0,-0.75,1.62,1.8,0.18,3.6,3.8,0.2,5.25,6,0.75
"172",172,1824661,"2016-02-07","14:30:00","away",2,4.75,3.75,3.7,3.4,1.85,2,1,0.3,-0.15,3.75,4.75,1,3.4,3.7,0.3,1.85,2.1,0.25
"173",173,1824812,"2016-02-07","17:00:00","draw",3.25,2.15,2.05,3.3,3.25,3.9,3.8,0.1,0.0499999999999998,0.1,2.05,2.15,0.1,3.25,3.3,0.0499999999999998,3.8,3.9,0.1
"174",174,1866330,"2016-02-13","13:45:00","home",4.75,4.75,4.75,3.75,3.5,1.75,1.75,0,0.25,0,4.75,4.75,0,3.5,3.75,0.25,1.75,1.8,0.05
"175",175,1866497,"2016-02-13","16:00:00","away",3.5,2.1,2.05,3.5,3.4,3.8,3.5,0.0500000000000003,0.1,0.3,2.05,2.1,0.0500000000000003,3.4,3.5,0.1,3.5,4.1,0.6
"176",176,1866498,"2016-02-13","16:00:00","away",3.2,2.15,2.25,3.25,3.3,3.9,3.2,-0.1,-0.0499999999999998,0.7,2.15,2.25,0.1,3.2,3.3,0.0999999999999996,3.2,3.9,0.7
"177",177,1866499,"2016-02-13","16:00:00","away",6,1.44,1.57,4.5,3.8,9.5,6,-0.13,0.7,3.5,1.44,1.57,0.13,3.8,4.5,0.7,6,9.5,3.5
"178",178,1866500,"2016-02-13","16:00:00","draw",3.3,2.45,2.3,3.3,3.3,3.1,3.1,0.15,0,0,2.3,2.5,0.2,3.3,3.3,0,2.9,3.25,0.35
"179",179,1866501,"2016-02-13","16:00:00","away",2.4,3.2,3,3.25,3.2,2.5,2.4,0.2,0.0499999999999998,0.1,3,3.2,0.2,3.2,3.25,0.0499999999999998,2.4,2.5,0.1
"180",180,1866762,"2016-02-13","18:30:00","home",1.4,1.4,1.4,5,4.5,9,8,0,0.5,1,1.4,1.44,0.04,4.5,5,0.5,8,9,1
"181",181,1874411,"2016-02-14","13:00:00","home",1.7,1.73,1.7,4.1,3.8,5,4.6,0.03,0.3,0.4,1.67,1.75,0.0800000000000001,3.8,4.2,0.4,4.6,5,0.4
"182",182,1874672,"2016-02-14","15:05:00","away",1.8,5.5,4.33,3.8,3.6,1.73,1.8,1.17,0.2,-0.0700000000000001,4.33,5.5,1.17,3.6,3.8,0.2,1.73,1.85,0.12
"183",183,1874797,"2016-02-14","17:15:00","away",3.6,2.15,2,3.5,3.5,3.6,3.6,0.15,0,0,2,2.15,0.15,3.5,3.75,0.25,3.6,3.8,0.2
"184",184,2139358,"2016-02-27","13:45:00","home",1.8,1.83,1.8,3.7,3.5,4.75,4.5,0.03,0.2,0.25,1.8,1.83,0.03,3.5,3.8,0.3,4.33,4.75,0.42
"185",185,2139623,"2016-02-27","16:00:00","home",1.5,1.65,1.5,4,4.33,5.75,6,0.15,-0.33,-0.25,1.5,1.65,0.15,4,4.5,0.5,5.75,6.5,0.75
"186",186,2139624,"2016-02-27","16:00:00","away",2.5,3,2.8,3.2,3.25,2.55,2.5,0.2,-0.0499999999999998,0.0499999999999998,2.7,3,0.3,3.2,3.3,0.0999999999999996,2.5,2.75,0.25
"187",187,2139625,"2016-02-27","16:00:00","home",1.62,1.85,1.62,3.3,3.75,5,5.5,0.23,-0.45,-0.5,1.62,1.85,0.23,3.3,3.8,0.5,5,6,1
"188",188,2139626,"2016-02-27","16:00:00","draw",3.25,2.63,2.3,3.3,3.25,3,3.1,0.33,0.0499999999999998,-0.1,2.3,2.63,0.33,3.25,3.3,0.0499999999999998,3,3.25,0.25
"189",189,2139888,"2016-02-27","18:30:00","home",2.6,2.88,2.6,3.1,3.1,2.8,2.8,0.28,0,0,2.6,2.88,0.28,3.1,3.2,0.1,2.8,2.9,0.1
"190",190,2147961,"2016-02-28","15:05:00","home",2.88,3.5,2.88,3.4,3.2,2.25,2.5,0.62,0.2,-0.25,2.88,3.5,0.62,3.2,3.4,0.2,2.25,2.5,0.25
"191",191,2147962,"2016-02-28","15:05:00","home",1.4,1.5,1.4,4.2,4.2,8,9,0.1,0,-1,1.4,1.5,0.1,4.2,4.75,0.55,8,9,1
"192",192,912629,"2015-09-12","13:45:00","home",4.2,3.5,4.2,3.6,3.5,2.2,1.91,-0.7,0.1,0.29,3.5,4.2,0.7,3.5,3.6,0.1,1.91,2.2,0.29
"193",193,912912,"2015-09-12","16:00:00","home",1.29,1.29,1.29,5.5,5.5,12,11,0,0,1,1.29,1.3,0.01,5.5,5.5,0,11,12,1
"194",194,912913,"2015-09-12","16:00:00","away",1.57,5,6,3.9,4,1.73,1.57,-1,-0.1,0.16,5,6,1,3.9,4.33,0.43,1.57,1.73,0.16
"195",195,912914,"2015-09-12","16:00:00","home",2.3,2.3,2.3,3.4,3.3,3.25,3.2,0,0.1,0.0499999999999998,2.3,2.4,0.1,3.3,3.5,0.2,3.1,3.3,0.2
"196",196,912915,"2015-09-12","16:00:00","home",2.9,2.65,2.9,3.4,3.25,2.88,2.5,-0.25,0.15,0.38,2.63,2.9,0.27,3.2,3.4,0.2,2.5,2.88,0.38
"197",197,912916,"2015-09-12","16:00:00","draw",3.2,3.1,3.1,3.3,3.2,2.45,2.4,0,0.0999999999999996,0.0500000000000003,3,3.2,0.2,3.2,3.3,0.0999999999999996,2.4,2.6,0.2
"198",198,913394,"2015-09-12","18:30:00","home",1.85,1.95,1.85,3.5,3.5,4.6,4.5,0.0999999999999999,0,0.0999999999999996,1.85,2.05,0.2,3.4,3.5,0.1,4.2,4.6,0.399999999999999
"199",199,920468,"2015-09-13","14:30:00","away",1.91,4.5,4.2,3.5,3.5,1.91,1.91,0.3,0,0,4.2,4.5,0.3,3.5,3.6,0.1,1.85,1.95,0.0999999999999999
"200",200,920864,"2015-09-13","17:00:00","home",1.85,1.83,1.85,3.75,3.6,4.6,4.33,-0.02,0.15,0.27,1.8,1.91,0.11,3.6,3.8,0.2,4.33,5,0.67
"201",201,929989,"2015-09-14","21:00:00","home",2.25,2.15,2.25,3.6,3.5,3.6,3.4,-0.1,0.1,0.2,2.15,2.25,0.1,3.5,3.6,0.1,3.4,3.6,0.2
"202",202,961452,"2015-09-19","13:45:00","home",2.38,2.5,2.38,3.5,3.4,3,2.88,0.12,0.1,0.12,2.3,2.5,0.2,3.4,3.5,0.1,2.7,3.1,0.4
"203",203,961792,"2015-09-19","16:00:00","away",3.5,2.45,2.15,3.2,3.2,3.4,3.5,0.3,0,-0.1,2.15,2.45,0.3,3.2,3.25,0.0499999999999998,3.4,3.5,0.1
"204",204,961793,"2015-09-19","16:00:00","home",1.62,1.57,1.62,4.5,3.8,6.5,5.5,-0.05,0.7,1,1.57,1.75,0.18,3.8,4.5,0.7,5.25,6.5,1.25
"205",205,961794,"2015-09-19","16:00:00","away",2.8,2.25,2.5,3.3,3.3,3.5,2.8,-0.25,0,0.7,2.25,2.63,0.38,3.3,3.4,0.1,2.8,3.5,0.7
"206",206,961795,"2015-09-19","16:00:00","draw",3.3,2.8,2.3,3.3,3.3,2.7,3.1,0.5,0,-0.4,2.3,2.8,0.5,3.3,3.4,0.1,2.7,3.2,0.5
"207",207,961796,"2015-09-19","16:00:00","draw",3.25,2.25,2.3,3.4,3.25,3.5,3.1,-0.0499999999999998,0.15,0.4,2.2,2.3,0.0999999999999996,3.25,3.4,0.15,3.1,3.5,0.4
"208",208,962148,"2015-09-19","18:30:00","away",10,1.25,1.25,7,6,12,10,0,1,2,1.25,1.29,0.04,6,7,1,10,12,2
"209",209,970041,"2015-09-20","14:30:00","home",1.91,1.85,1.91,3.8,3.5,4.5,4,-0.0599999999999998,0.3,0.5,1.85,2,0.15,3.5,3.8,0.3,4,4.5,0.5
"210",210,970457,"2015-09-20","17:00:00","draw",3.75,1.67,1.62,3.75,3.75,5.75,5.25,0.0499999999999998,0,0.5,1.62,1.67,0.0499999999999998,3.75,3.75,0,5.25,5.75,0.5
"211",211,970458,"2015-09-20","17:00:00","away",2.38,3.25,3,3.25,3.25,2.4,2.38,0.25,0,0.02,3,3.25,0.25,3.25,3.25,0,2.38,2.5,0.12
"212",212,10248575,"2016-04-23","13:45:00","home",1.3,1.3,1.3,6,5,11,10,0,1,1,1.25,1.3,0.05,5,6.5,1.5,10,12,2
"213",213,10248885,"2016-04-23","16:00:00","away",1.5,7,7,4.2,4,1.55,1.5,0,0.2,0.05,6.5,7.5,1,4,4.2,0.2,1.5,1.55,0.05
"214",214,10248886,"2016-04-23","16:00:00","away",2.3,3.4,3.1,3.6,3.25,2.2,2.3,0.3,0.35,-0.0999999999999996,3,3.4,0.4,3.25,3.7,0.45,2.2,2.4,0.2
"215",215,10248887,"2016-04-23","16:00:00","draw",4.2,1.5,1.53,4.75,4.2,7,5.75,-0.03,0.55,1.25,1.5,1.6,0.1,4.2,4.75,0.55,5.25,7,1.75
"216",216,10395794,"2016-04-24","15:05:00","draw",3.75,5.25,4.75,4.2,3.75,1.67,1.75,0.5,0.45,-0.0800000000000001,4.5,5.5,1,3.75,4.2,0.45,1.67,1.8,0.13
"217",217,10396123,"2016-04-24","17:15:00","home",1.73,1.7,1.73,3.75,3.5,5.75,5,-0.03,0.25,0.75,1.67,1.75,0.0800000000000001,3.5,3.8,0.3,5,6,1
"218",218,10561330,"2016-04-25","21:00:00","draw",7,1.22,1.22,7,7,15,15,0,0,0,1.2,1.22,0.02,7,7.5,0.5,15,17,2
"219",219,11360477,"2016-04-30","16:00:00","home",1.85,2.4,1.85,3.75,3.5,2.9,4.2,0.55,0.25,-1.3,1.85,2.4,0.55,3.4,3.8,0.4,2.9,4.2,1.3
"220",220,11360478,"2016-04-30","16:00:00","home",1.91,2.1,1.91,3.5,3.4,3.75,4,0.19,0.1,-0.25,1.91,2.1,0.19,3.4,3.6,0.2,3.75,4.4,0.65
"221",221,11360479,"2016-04-30","16:00:00","draw",3.2,3,2.6,3.4,3.2,2.5,2.75,0.4,0.2,-0.25,2.6,3.2,0.6,3.2,3.4,0.2,2.45,2.88,0.43
"222",222,11360480,"2016-04-30","16:00:00","home",1.62,1.73,1.62,3.75,4,5.5,5,0.11,-0.25,0.5,1.62,1.73,0.11,3.75,4,0.25,5,6,1
"223",223,11360481,"2016-04-30","16:00:00","away",2.05,3.8,3.6,3.6,3.4,2.05,2.05,0.2,0.2,0,3.6,4.2,0.6,3.4,3.6,0.2,1.95,2.1,0.15
"224",224,11360940,"2016-04-30","18:30:00","home",1.22,1.25,1.22,6.5,6,13,13,0.03,0.5,0,1.22,1.29,0.0700000000000001,6,6.5,0.5,11,14,3
"225",225,11525910,"2016-05-01","13:00:00","home",3,3.6,3,3.5,3.4,2.15,2.3,0.6,0.1,-0.15,3,3.7,0.7,3.4,3.5,0.1,2.15,2.4,0.25
"226",226,11526190,"2016-05-01","15:05:00","draw",3.4,1.95,2.05,3.5,3.4,4.33,3.6,-0.0999999999999999,0.1,0.73,1.95,2.15,0.2,3.4,3.5,0.1,3.6,4.33,0.73
"227",227,11526325,"2016-05-01","17:30:00","home",2.63,2.4,2.63,3.6,3.4,3,2.55,-0.23,0.2,0.45,2.4,2.8,0.4,3.4,3.6,0.2,2.55,3.1,0.55
"228",228,11690890,"2016-05-02","21:00:00","draw",3.6,2.6,2.75,3.5,3.6,2.8,2.63,-0.15,-0.1,0.17,2.6,2.9,0.3,3.5,3.6,0.1,2.55,2.8,0.25
"229",229,12487053,"2016-05-07","13:45:00","away",1.8,3.8,4.5,3.5,3.5,2.1,1.8,-0.7,0,0.3,3.8,5,1.2,3.5,3.6,0.1,1.8,2.1,0.3
"230",230,12487283,"2016-05-07","16:00:00","draw",4,5.25,5.5,4,4,1.7,1.57,-0.25,0,0.13,5,6,1,4,4.2,0.2,1.57,1.73,0.16
"231",231,12487284,"2016-05-07","16:00:00","draw",3.5,1.91,1.85,3.75,3.5,4.33,4.2,0.0599999999999998,0.25,0.13,1.85,1.95,0.0999999999999999,3.5,3.75,0.25,3.8,4.33,0.53
"232",232,12487285,"2016-05-07","16:00:00","home",1.95,2.05,1.95,3.5,3.3,4,4,0.0999999999999999,0.2,0,1.91,2.15,0.24,3.3,3.5,0.2,3.6,4,0.4
"233",233,12487286,"2016-05-07","16:00:00","home",3,3.25,3,3.6,3.4,2.25,2.3,0.25,0.2,-0.0499999999999998,2.7,3.25,0.55,3.3,3.75,0.45,2.25,2.55,0.3
"234",234,12487287,"2016-05-07","16:00:00","away",7.5,1.36,1.45,5.5,4.2,9,7.5,-0.0899999999999999,1.3,1.5,1.33,1.45,0.12,4.2,5.75,1.55,7.5,10,2.5
"235",235,12487651,"2016-05-07","18:30:00","home",1.91,1.85,1.91,4.1,3.6,4.1,3.8,-0.0599999999999998,0.5,0.3,1.8,1.95,0.15,3.6,4.1,0.5,3.8,4.33,0.53
"236",236,12664525,"2016-05-08","14:30:00","away",3.8,2.2,1.91,3.4,3.6,3.6,3.8,0.29,-0.2,-0.2,1.91,2.25,0.34,3.4,3.75,0.35,3.4,4,0.6
"237",237,12664958,"2016-05-08","17:00:00","home",1.45,1.57,1.45,4.5,4.33,6,7,0.12,0.17,-1,1.45,1.57,0.12,4.33,4.75,0.42,6,7.5,1.5
"238",238,12664959,"2016-05-08","17:00:00","draw",3.4,2.25,2.38,3.6,3.4,3.3,2.9,-0.13,0.2,0.4,2.25,2.5,0.25,3.4,3.6,0.2,2.9,3.3,0.4
"239",239,13002780,"2016-05-10","20:45:00","home",2.88,3.1,2.88,3.6,3.4,2.38,2.38,0.22,0.2,0,2.88,3.3,0.42,3.4,3.75,0.35,2.2,2.45,0.25
"240",240,13156944,"2016-05-11","20:45:00","home",1.8,1.85,1.8,3.9,3.25,4.33,5,0.05,0.65,-0.67,1.73,1.85,0.12,3.25,4,0.75,4.33,5,0.67
"241",241,13836401,"2016-05-15","16:00:00","home",1.14,1.1,1.14,13,7.5,26,17,-0.0399999999999998,5.5,9,1.1,1.17,0.0699999999999998,7.5,13,5.5,17,26,9
"242",242,13836402,"2016-05-15","16:00:00","draw",3.4,2,2.2,3.8,3.4,3.75,3.2,-0.2,0.4,0.55,2,2.38,0.38,3.4,3.9,0.5,3,3.75,0.75
"243",243,13836403,"2016-05-15","16:00:00","home",1.73,1.73,1.73,4.2,3.75,4.75,4.5,0,0.45,0.25,1.7,1.8,0.1,3.75,4.33,0.58,4.5,5,0.5
"244",244,13836404,"2016-05-17","21:00:00","home",1.4,1.5,1.4,4.75,5,7,9,0.1,-0.25,-2,1.36,1.85,0.49,4,5.5,1.5,4.33,9,4.67
"245",245,13836405,"2016-05-15","16:00:00","home",4.2,5,4.2,4.1,3.75,1.73,1.8,0.8,0.35,-0.0700000000000001,4.2,5,0.8,3.75,4.2,0.45,1.7,1.83,0.13
"246",246,13836407,"2016-05-15","16:00:00","home",1.33,1.3,1.33,6,5,11,9,-0.03,1,2,1.29,1.36,0.0700000000000001,5,6,1,9,13,4
"247",247,13836408,"2016-05-15","16:00:00","home",3.5,3,3.5,3.9,3.6,2.3,2,-0.5,0.3,0.3,2.9,3.5,0.6,3.6,4,0.4,2,2.3,0.3
"248",248,13836409,"2016-05-15","16:00:00","draw",4.5,7,6.5,5.25,4.5,1.44,1.45,0.5,0.75,-0.01,6,7,1,4.5,5.25,0.75,1.44,1.53,0.0900000000000001
"249",249,13836410,"2016-05-15","16:00:00","draw",3.5,1.65,1.95,4.33,3.5,5.25,3.8,-0.3,0.83,1.45,1.65,2.05,0.4,3.5,4.5,1,3.7,5.25,1.55
"250",250,13836411,"2016-05-15","16:00:00","draw",3.5,2.6,2.4,3.6,3.5,2.75,2.75,0.2,0.1,0,2.3,2.8,0.5,3.5,3.6,0.1,2.6,3,0.4
"251",251,2147638,"2016-04-20","21:00:00","home",1.73,1.67,1.73,4.2,3.75,5.5,4.5,-0.0600000000000001,0.45,1,1.65,1.83,0.18,3.75,4.2,0.45,4.5,5.5,1
"252",252,2147639,"2016-04-19","20:45:00","draw",4,6.5,6,4.5,4,1.53,1.53,0.5,0.5,0,5.5,7.5,2,4,4.5,0.5,1.5,1.62,0.12
"253",253,2159613,"2016-03-01","20:45:00","away",1.75,5.5,4.75,4.2,3.5,1.67,1.75,0.75,0.7,-0.0800000000000001,4.5,5.5,1,3.5,4.2,0.7,1.67,1.91,0.24
"254",254,2159614,"2016-03-01","20:45:00","home",3,2.8,3,3.25,3.25,2.8,2.38,-0.2,0,0.42,2.8,3,0.2,3.2,3.3,0.0999999999999996,2.38,2.8,0.42
"255",255,2159615,"2016-03-01","20:45:00","draw",3.8,1.67,1.57,3.8,3.8,6,6,0.0999999999999999,0,0,1.57,1.73,0.16,3.75,3.8,0.0499999999999998,5.5,6,0.5
"256",256,2159616,"2016-03-01","20:45:00","away",1.53,5.5,6.5,3.9,3.8,1.7,1.53,-1,0.1,0.17,5.25,6.5,1.25,3.75,4.2,0.45,1.53,1.7,0.17
"257",257,2159617,"2016-03-01","20:45:00","draw",3.2,2.5,2.5,3.3,3.2,3.1,2.88,0,0.0999999999999996,0.22,2.4,2.6,0.2,3.2,3.3,0.0999999999999996,2.88,3.25,0.37
"258",258,2214591,"2016-03-02","20:45:00","away",8.5,1.29,1.36,6,4.75,13,8.5,-0.0700000000000001,1.25,4.5,1.29,1.36,0.0700000000000001,4.75,6,1.25,8.5,13,4.5
"259",259,2214592,"2016-03-02","20:45:00","home",1.91,2.05,1.91,3.5,3.4,4,4,0.14,0.1,0,1.91,2.05,0.14,3.4,3.6,0.2,4,4.33,0.33
"260",260,2214593,"2016-03-02","20:45:00","home",3.75,3.6,3.75,3.4,3.5,2.2,1.95,-0.15,-0.1,0.25,3.6,4.33,0.73,3.4,3.75,0.35,1.91,2.2,0.29
"261",261,2214607,"2016-03-02","21:00:00","home",2.5,2.8,2.5,3.5,3.4,2.63,2.7,0.3,0.1,-0.0700000000000003,2.5,2.9,0.4,3.4,3.5,0.1,2.6,2.9,0.3
"262",262,2214609,"2016-03-02","21:00:00","home",1.62,1.6,1.62,4,3.75,6.5,5.5,-0.02,0.25,1,1.57,1.67,0.0999999999999999,3.75,4,0.25,5.5,7,1.5
"263",263,2676054,"2016-03-05","13:45:00","draw",3.4,2.3,2.5,3.5,3.4,3.3,2.7,-0.2,0.1,0.6,2.3,2.63,0.33,3.3,3.5,0.2,2.63,3.3,0.67
"264",264,2676365,"2016-03-05","16:00:00","draw",3.8,1.5,1.53,4.5,3.8,7.5,6.5,-0.03,0.7,1,1.44,1.57,0.13,3.8,4.5,0.7,6,7.5,1.5
"265",265,2676366,"2016-03-05","16:00:00","away",5.5,1.67,1.67,4.1,3.5,5.5,5.5,0,0.6,0,1.67,1.73,0.0600000000000001,3.5,4.2,0.7,4.75,5.5,0.75
"266",266,2676368,"2016-03-05","16:00:00","home",1.18,1.17,1.18,8.5,6.5,19,15,-0.01,2,4,1.17,1.22,0.05,6.5,9,2.5,13,19,6
"267",267,2676369,"2016-03-05","16:00:00","away",2.7,2.6,2.6,3.3,3.25,3,2.7,0,0.0499999999999998,0.3,2.6,2.7,0.1,3.25,3.4,0.15,2.7,3,0.3
"268",268,2676370,"2016-03-05","16:00:00","draw",3.8,1.57,1.53,4.2,3.8,6.5,6.5,0.04,0.4,0,1.53,1.73,0.2,3.8,4.2,0.4,5.5,6.5,1
"269",269,2676371,"2016-03-05","16:00:00","home",1.85,2.15,1.85,3.3,3.4,3.9,4.33,0.3,-0.1,-0.43,1.85,2.15,0.3,3.3,3.5,0.2,3.8,4.33,0.53
"270",270,2676750,"2016-03-05","18:30:00","away",2.38,3,2.9,3.3,3.4,2.55,2.38,0.1,-0.1,0.17,2.8,3,0.2,3.25,3.4,0.15,2.38,2.75,0.37
"271",271,2836497,"2016-03-06","14:30:00","away",2.1,3.6,3.4,3.5,3.4,2.1,2.1,0.2,0.1,0,3.4,3.8,0.4,3.4,3.6,0.2,2.1,2.15,0.0499999999999998
"272",272,2836866,"2016-03-06","17:00:00","home",4.2,4.5,4.2,3.4,3.3,1.95,1.91,0.3,0.1,0.04,4.2,4.5,0.3,3.3,3.4,0.1,1.91,2.05,0.14
"273",273,36052350,"2016-08-13","13:30:00","home",3.75,4.75,3.75,3.5,3.4,1.91,2,1,0.1,-0.0900000000000001,3.75,4.75,1,3.4,3.7,0.3,1.8,2,0.2
"274",274,36052726,"2016-08-13","16:00:00","away",3,2.8,2.38,3.25,3.2,2.8,3,0.42,0.0499999999999998,-0.2,2.38,2.8,0.42,3.2,3.3,0.0999999999999996,2.8,3.25,0.45
"275",275,36052729,"2016-08-13","16:00:00","away",4.2,2.15,1.95,3.25,3.2,4,4.2,0.2,0.0499999999999998,-0.2,1.95,2.15,0.2,3.2,3.3,0.0999999999999996,4,4.5,0.5
"276",276,36052732,"2016-08-13","16:00:00","draw",3.2,3.75,3,3.4,3.2,2.15,2.38,0.75,0.2,-0.23,2.88,3.75,0.87,3.2,3.5,0.3,2.15,2.5,0.35
"277",277,36052736,"2016-08-13","16:00:00","draw",3.2,2.25,2.2,3.3,3.2,3.6,3.4,0.0499999999999998,0.0999999999999996,0.2,2.2,2.38,0.18,3.1,3.3,0.2,3.4,3.6,0.2
"278",278,36052739,"2016-08-13","16:00:00","draw",3.75,1.8,1.75,3.75,3.75,5,4.5,0.05,0,0.5,1.75,1.83,0.0800000000000001,3.75,3.75,0,4.5,5,0.5
"279",279,36053538,"2016-08-13","18:30:00","home",1.2,1.22,1.2,7,6.5,15,13,0.02,0.5,2,1.2,1.25,0.05,6.5,7,0.5,11,15,4
"280",280,36352778,"2016-08-14","14:30:00","away",1.75,5.5,4.75,3.7,3.5,1.75,1.75,0.75,0.2,0,4.75,5.5,0.75,3.5,3.7,0.2,1.75,1.85,0.1
"281",281,36353141,"2016-08-14","17:00:00","away",2.9,2.75,2.38,3.4,3.3,2.7,2.9,0.37,0.1,-0.2,2.38,2.75,0.37,3.3,3.5,0.2,2.7,3.1,0.4
"282",282,36625515,"2016-08-15","21:00:00","home",1.65,1.5,1.65,4.5,4,7.5,6,-0.15,0.5,1.5,1.5,1.67,0.17,4,4.5,0.5,5.75,7.5,1.75
"283",283,37799894,"2016-08-19","21:00:00","home",1.44,1.53,1.44,4.2,4.33,7.5,7,0.0900000000000001,-0.13,0.5,1.44,1.53,0.0900000000000001,4.2,4.75,0.55,7,8.5,1.5
"284",284,3782897,"2016-03-12","13:45:00","draw",4,6.5,5.5,4.33,4,1.57,1.57,1,0.33,0,5.5,6.5,1,4,4.33,0.33,1.55,1.6,0.05
"285",285,3783273,"2016-03-12","16:00:00","home",1.91,2,1.91,3.5,3.4,4.2,4,0.0900000000000001,0.1,0.2,1.91,2,0.0900000000000001,3.4,3.5,0.1,4,4.33,0.33
"286",286,3783274,"2016-04-20","21:00:00","home",1.5,1.44,1.5,4.5,4,9,7,-0.0600000000000001,0.5,2,1.36,1.57,0.21,4,5,1,6.5,10.5,4
"287",287,3783275,"2016-03-12","16:00:00","away",2.7,2.7,2.63,3.2,3.2,2.9,2.7,0.0700000000000003,0,0.2,2.63,2.8,0.17,3.1,3.2,0.1,2.7,2.9,0.2
"288",288,3783276,"2016-05-11","20:45:00","home",1.65,1.85,1.65,3.9,3.75,4.33,5.25,0.2,0.15,-0.92,1.65,1.85,0.2,3.75,4,0.25,4.33,5.25,0.92
"289",289,3783277,"2016-04-20","20:45:00","home",1.62,1.44,1.62,4.75,4,8,5,-0.18,0.75,3,1.44,1.62,0.18,4,4.75,0.75,5,8,3
"290",290,3783586,"2016-04-21","20:45:00","home",NA,NA,NA,NA,NA,NA,NA,NA,NA,NA,NA,NA,NA,NA,NA,NA,NA,NA,NA
"291",291,38096187,"2016-08-20","13:30:00","away",1.67,6.5,5,4.2,3.75,1.57,1.67,1.5,0.45,-0.0999999999999999,5,7,2,3.75,4.2,0.45,1.57,1.73,0.16
"292",292,38096569,"2016-08-20","16:00:00","home",7,7,7,4.33,4,1.53,1.5,0,0.33,0.03,6.5,7,0.5,4,4.33,0.33,1.5,1.57,0.0700000000000001
"293",293,38096572,"2016-08-20","16:00:00","away",5,1.85,1.73,3.5,3.5,5,5,0.12,0,0,1.73,1.85,0.12,3.5,3.6,0.1,5,5.25,0.25
"294",294,38096574,"2016-08-20","16:00:00","home",1.44,1.45,1.44,4.6,4.2,8.5,7.5,0.01,0.399999999999999,1,1.44,1.45,0.01,4.2,4.75,0.55,7.5,8.5,1
"295",295,38096577,"2016-08-20","16:00:00","away",1.73,6,4.5,3.8,3.75,1.67,1.73,1.5,0.0499999999999998,-0.0600000000000001,4.5,6.5,2,3.75,3.9,0.15,1.62,1.73,0.11
"296",296,38096580,"2016-08-20","16:00:00","away",2.4,3,2.9,3.2,3.25,2.63,2.4,0.1,-0.0499999999999998,0.23,2.9,3.2,0.3,3.2,3.25,0.0499999999999998,2.4,2.63,0.23
"297",297,38097371,"2016-08-20","18:30:00","draw",3.4,2.8,2.8,3.5,3.4,2.6,2.4,0,0.1,0.2,2.75,3,0.25,3.4,3.6,0.2,2.4,2.63,0.23
"298",298,38384851,"2016-08-21","14:30:00","away",2.88,2.8,2.5,3.1,3.2,2.9,2.88,0.3,-0.1,0.02,2.5,2.88,0.38,3.1,3.2,0.1,2.8,3.1,0.3
"299",299,38385270,"2016-08-21","17:00:00","home",1.85,2.5,1.85,3.3,3.6,3.1,4,0.65,-0.3,-0.9,1.85,2.5,0.65,3.3,3.75,0.45,3.1,4.33,1.23
"300",300,3937446,"2016-03-13","17:00:00","away",1.44,7.5,6.5,4.5,4.5,1.5,1.44,1,0,0.0600000000000001,6.5,8.5,2,4.5,4.5,0,1.44,1.5,0.0600000000000001
"301",301,3937447,"2016-05-11","21:00:00","draw",3.4,1.67,1.91,4.5,3.4,5,4,-0.24,1.1,1,1.67,2,0.33,3.4,4.5,1.1,3.6,5,1.4
"302",302,39926656,"2016-08-27","13:30:00","draw",3.4,2.6,2.38,3.4,3.4,2.88,3,0.22,0,-0.12,2.38,2.6,0.22,3.4,3.5,0.1,2.88,3.1,0.22
"303",303,39927010,"2016-08-27","16:00:00","home",1.25,1.25,1.25,6,5.75,16,13,0,0.25,3,1.25,1.29,0.04,5.5,6,0.5,12,16,4
"304",304,39927011,"2016-08-27","16:00:00","draw",3.2,2.25,2.3,3.3,3.2,3.6,3.3,-0.0499999999999998,0.0999999999999996,0.3,2.25,2.4,0.15,3.2,3.4,0.2,3.25,3.6,0.35
"305",305,39927012,"2016-08-27","16:00:00","home",1.73,1.67,1.73,4.1,3.6,5.5,5.25,-0.0600000000000001,0.5,0.25,1.67,1.73,0.0600000000000001,3.6,4.1,0.5,5.25,5.75,0.5
"306",306,39927013,"2016-08-27","16:00:00","home",1.73,1.67,1.73,4,3.6,5.75,5.25,-0.0600000000000001,0.4,0.5,1.67,1.75,0.0800000000000001,3.6,4,0.4,5.25,6,0.75
"307",307,39927014,"2016-08-27","16:00:00","draw",3.6,1.5,1.62,4.75,3.6,7,6.5,-0.12,1.15,0.5,1.45,1.62,0.17,3.6,4.75,1.15,5.75,8,2.25
"308",308,39927015,"2016-08-27","16:00:00","away",1.73,6,5,4,3.75,1.65,1.73,1,0.25,-0.0800000000000001,5,6,1,3.75,4,0.25,1.65,1.73,0.0800000000000001
"309",309,39927745,"2016-08-27","18:30:00","away",1.44,8.5,8,4.5,4.33,1.45,1.44,0.5,0.17,0.01,7.5,9,1.5,4.1,4.75,0.65,1.4,1.5,0.1
"310",310,40186994,"2016-08-28","14:30:00","draw",3.1,2.63,2.6,3.1,3.1,3.1,2.9,0.0299999999999998,0,0.2,2.5,2.7,0.2,3,3.1,0.1,2.9,3.3,0.4
"311",311,40187388,"2016-08-28","17:00:00","home",1.29,1.29,1.29,6.5,5.5,11,11,0,1,0,1.25,1.29,0.04,5.5,6.5,1,11,12,1
"312",312,4085550,"2016-03-14","21:00:00","home",1.57,1.57,1.57,4.3,4.33,6.5,6.25,0,-0.0300000000000002,0.25,1.53,1.65,0.12,4.2,4.33,0.13,5.5,7,1.5
"313",313,43812404,"2016-09-10","13:30:00","away",3.3,2.4,2.25,3.1,3.25,3.5,3.3,0.15,-0.15,0.2,2.25,2.5,0.25,3.1,3.3,0.2,3.2,3.5,0.3
"314",314,43813085,"2016-09-10","16:00:00","home",1.57,1.62,1.57,4,4,6.5,6,0.05,0,0.5,1.57,1.62,0.05,4,4.2,0.2,6,6.5,0.5
"315",315,43813088,"2016-09-10","16:00:00","home",2.1,2.1,2.1,3.25,3.25,4.2,3.75,0,0,0.45,1.91,2.1,0.19,3.25,3.4,0.15,3.75,4.5,0.75
"316",316,43813093,"2016-09-10","16:00:00","draw",3,2.6,2.38,3.1,3,3.2,3.4,0.22,0.1,-0.2,2.38,2.63,0.25,3,3.2,0.2,3.1,3.4,0.3
"317",317,43813096,"2016-09-10","16:00:00","away",3.7,2.4,2.2,3.25,3.1,3.3,3.7,0.2,0.15,-0.4,2.2,2.45,0.25,3.1,3.25,0.15,3.25,3.7,0.45
"318",318,43813099,"2016-09-10","16:00:00","away",1.8,4.33,4.75,3.6,3.6,1.95,1.8,-0.42,0,0.15,4.33,4.75,0.42,3.6,3.75,0.15,1.8,1.95,0.15
"319",319,43813102,"2016-09-10","16:00:00","away",4.5,1.85,1.8,3.6,3.6,4.75,4.5,0.05,0,0.25,1.8,1.91,0.11,3.6,3.6,0,4.33,4.75,0.42
"320",320,43814025,"2016-09-10","18:30:00","home",1.62,1.67,1.62,4.1,4,5.5,5.5,0.0499999999999998,0.0999999999999996,0,1.62,1.7,0.0799999999999998,4,4.1,0.0999999999999996,5.25,5.75,0.5
"321",321,44123089,"2016-09-11","17:00:00","draw",3.9,6.5,5.5,4.2,3.9,1.57,1.6,1,0.3,-0.03,5.5,6.5,1,3.9,4.2,0.3,1.57,1.67,0.0999999999999999
"322",322,44418579,"2016-09-12","21:00:00","away",2.1,3.6,3.8,3.5,3.5,2.15,2.1,-0.2,0,0.0499999999999998,3.6,3.8,0.2,3.4,3.5,0.1,2.1,2.15,0.0499999999999998
"323",323,45478432,"2016-09-16","21:00:00","away",3.2,2.15,2.25,3.5,3.4,3.6,3.2,-0.1,0.1,0.4,2.15,2.3,0.15,3.4,3.6,0.2,3.2,3.6,0.4
"324",324,45766575,"2016-09-17","16:00:00","away",1.57,6,5.75,4.2,4.2,1.62,1.57,0.25,0,0.05,5.75,6.5,0.75,4.1,4.2,0.100000000000001,1.57,1.62,0.05
"325",325,45766578,"2016-09-17","16:00:00","home",1.5,1.5,1.5,4.5,4.33,7.5,6.5,0,0.17,1,1.44,1.55,0.11,4.2,4.5,0.3,6.5,8.5,2
"326",326,45766581,"2016-09-17","16:00:00","home",1.29,1.25,1.29,7,5.75,13,10,-0.04,1.25,3,1.25,1.29,0.04,5.75,7,1.25,10,13,3
"327",327,45766584,"2016-09-17","16:00:00","home",2.6,2.8,2.6,3.3,3.2,2.75,2.8,0.2,0.0999999999999996,-0.0499999999999998,2.6,2.8,0.2,3.2,3.3,0.0999999999999996,2.75,2.8,0.0499999999999998
"328",328,45767432,"2016-09-17","18:30:00","home",1.73,1.65,1.73,3.9,3.6,6,5.25,-0.0800000000000001,0.3,0.75,1.62,1.73,0.11,3.6,4,0.4,5.25,6.5,1.25
"329",329,46064767,"2016-09-18","13:00:00","home",5.5,6.5,5.5,4.2,4,1.57,1.57,1,0.2,0,5.5,6.5,1,3.9,4.2,0.3,1.57,1.67,0.0999999999999999
"330",330,46065386,"2016-09-18","15:15:00","home",2,2.15,2,3.4,3.3,3.8,4,0.15,0.1,-0.2,2,2.15,0.15,3.3,3.5,0.2,3.8,4.2,0.4
"331",331,46065389,"2016-09-18","15:15:00","home",1.67,1.67,1.67,3.9,3.75,6,5.5,0,0.15,0.5,1.67,1.7,0.03,3.75,3.9,0.15,5.5,6,0.5
"332",332,46065939,"2016-09-18","17:30:00","home",1.3,1.33,1.3,5.5,5.5,11,10,0.03,0,1,1.3,1.33,0.03,5.5,5.75,0.25,10,12,2
"333",333,47775815,"2016-09-24","13:30:00","home",1.67,1.7,1.67,3.9,3.8,5.5,5,0.03,0.1,0.5,1.62,1.73,0.11,3.8,4,0.2,5,5.75,0.75
"334",334,47776460,"2016-09-24","16:00:00","home",3.4,3.4,3.4,3.5,3.4,2.25,2.1,0,0.1,0.15,3.4,4,0.6,3.4,3.6,0.2,2,2.25,0.25
"335",335,47776463,"2016-09-24","16:00:00","home",1.2,1.25,1.2,7,6,13,15,0.05,1,-2,1.2,1.25,0.05,6,7,1,13,15,2
"336",336,47776465,"2016-09-24","16:00:00","away",1.95,4.1,3.75,3.4,3.5,2.05,1.95,0.35,-0.1,0.0999999999999999,3.75,4.2,0.45,3.4,3.5,0.1,1.95,2.1,0.15
"337",337,47776466,"2016-09-24","16:00:00","draw",3.2,2.3,2.3,3.4,3.2,3.4,3.1,0,0.2,0.3,2.25,2.4,0.15,3.2,3.4,0.2,3.1,3.4,0.3
"338",338,47776470,"2016-09-24","16:00:00","away",2.38,2.55,3,3.3,3.2,3,2.38,-0.45,0.0999999999999996,0.62,2.55,3,0.45,3.2,3.3,0.0999999999999996,2.38,3,0.62
"339",339,47776472,"2016-09-24","16:00:00","away",1.36,9.5,9,5.75,4.5,1.33,1.36,0.5,1.25,-0.03,8,9.5,1.5,4.5,5.75,1.25,1.33,1.4,0.0699999999999998
"340",340,47777308,"2016-09-24","18:30:00","home",2.38,2.45,2.38,3.5,3.4,3,2.88,0.0700000000000003,0.1,0.12,2.38,2.45,0.0700000000000003,3.4,3.5,0.1,2.88,3.2,0.32
"341",341,48082394,"2016-09-25","17:00:00","away",2.6,3.1,2.8,3.4,3.25,2.45,2.6,0.3,0.15,-0.15,2.8,3.2,0.4,3.25,3.4,0.15,2.38,2.75,0.37
"342",342,4821539,"2016-03-19","13:45:00","away",2.7,2.75,2.5,3.6,3.4,2.63,2.7,0.25,0.2,-0.0700000000000003,2.5,2.8,0.3,3.4,3.6,0.2,2.6,2.7,0.1
"343",343,4821890,"2016-03-19","16:00:00","draw",3.5,1.8,1.73,3.75,3.5,5,5,0.0700000000000001,0.25,0,1.73,1.83,0.1,3.5,3.9,0.4,4.75,5.25,0.5
"344",344,4821891,"2016-03-19","16:00:00","away",2.38,2.9,3,3.3,3.25,2.63,2.38,-0.1,0.0499999999999998,0.25,2.9,3.2,0.3,3.25,3.4,0.15,2.38,2.63,0.25
"345",345,4821892,"2016-03-19","16:00:00","away",2.9,2.25,2.5,3.25,3.1,3.75,2.9,-0.25,0.15,0.85,2.25,2.5,0.25,3.1,3.25,0.15,2.9,3.75,0.85
"346",346,4821893,"2016-03-19","16:00:00","away",3.6,2.45,2.1,3.25,3.2,3.2,3.6,0.35,0.0499999999999998,-0.4,2.1,2.45,0.35,3.2,3.3,0.0999999999999996,3.2,3.6,0.4
"347",347,4822216,"2016-03-19","18:30:00","home",1.62,1.67,1.62,3.8,3.8,6,5.5,0.0499999999999998,0,0.5,1.62,1.67,0.0499999999999998,3.8,4,0.2,5.5,6,0.5
"348",348,48385281,"2016-09-26","21:00:00","home",3,3.1,3,3.3,3.2,2.5,2.63,0.1,0.0999999999999996,-0.13,3,3.1,0.1,3.2,3.3,0.0999999999999996,2.5,2.63,0.13
"349",349,49556028,"2016-09-30","21:00:00","draw",3.75,1.73,1.7,3.9,3.75,5.25,4.75,0.03,0.15,0.5,1.7,1.75,0.05,3.75,4,0.25,4.75,5.25,0.5
"350",350,49851867,"2016-10-01","13:30:00","away",1.44,7.5,7,5,4.33,1.44,1.44,0.5,0.67,0,7,8.5,1.5,4.33,5,0.67,1.44,1.45,0.01
"351",351,49852842,"2016-10-01","16:00:00","away",1.44,8,7,4.75,4.33,1.45,1.44,1,0.42,0.01,7,8,1,4.33,4.75,0.42,1.44,1.5,0.0600000000000001
"352",352,49852845,"2016-10-01","16:00:00","draw",3.2,2.5,2.38,3.3,3.2,3.1,3,0.12,0.0999999999999996,0.1,2.3,2.55,0.25,3.2,3.3,0.0999999999999996,3,3.3,0.3
"353",353,49852848,"2016-10-01","16:00:00","draw",3.3,2.45,2.25,3.3,3.3,3.2,3.2,0.2,0,0,2.25,2.5,0.25,3.3,3.3,0,3.1,3.3,0.2
"354",354,49852851,"2016-10-01","16:00:00","draw",3.4,2.05,2.05,3.5,3.4,4,3.5,0,0.1,0.5,2.05,2.25,0.2,3.4,3.5,0.1,3.5,4,0.5
"355",355,4986403,"2016-03-20","14:30:00","draw",3.4,2.2,2.1,3.25,3.4,3.8,3.4,0.1,-0.15,0.4,2.1,2.3,0.2,3.2,3.5,0.3,3.4,4,0.6
"356",356,4986404,"2016-03-20","14:30:00","home",2.5,2.9,2.5,3.3,3.3,2.63,2.75,0.4,0,-0.12,2.5,2.9,0.4,3.3,3.4,0.1,2.63,2.88,0.25
"357",357,4986766,"2016-03-20","17:00:00","away",4,2,1.85,3.6,3.6,4,4,0.15,0,0,1.8,2,0.2,3.6,3.75,0.15,4,4.75,0.75
"358",358,4986767,"2016-03-20","17:00:00","home",1.5,1.53,1.5,4.2,4.33,7.5,6,0.03,-0.13,1.5,1.5,1.53,0.03,4.2,4.5,0.3,6,7.5,1.5
"359",359,50170489,"2016-10-02","13:00:00","draw",5.75,1.3,1.3,5.75,5.75,12,12,0,0,0,1.3,1.33,0.03,5.5,5.75,0.25,10,12,2
"360",360,50171323,"2016-10-02","15:15:00","draw",3.4,2.5,2.25,3.4,3.4,3,3.5,0.25,0,-0.5,2.2,2.55,0.35,3.2,3.4,0.2,3,3.6,0.6
"361",361,50171325,"2016-10-02","15:15:00","home",3.1,3.1,3.1,3.4,3.5,2.45,2.4,0,-0.1,0.0500000000000003,3,3.2,0.2,3.4,3.6,0.2,2.3,2.5,0.2
"362",362,50171731,"2016-10-02","17:30:00","away",1.4,10,9,5.25,5,1.36,1.4,1,0.25,-0.0399999999999998,9,10,1,5,5.25,0.25,1.36,1.4,0.0399999999999998
"363",363,54074020,"2016-10-15","13:30:00","home",1.57,1.55,1.57,4.33,4,6.5,5.5,-0.02,0.33,1,1.53,1.6,0.0700000000000001,4,4.5,0.5,5.5,7,1.5
"364",364,54074839,"2016-10-15","16:00:00","home",1.25,1.22,1.25,7,5.5,15,12,-0.03,1.5,3,1.22,1.29,0.0700000000000001,5.5,7,1.5,11,15,4
"365",365,54074842,"2016-10-15","16:00:00","home",1.8,1.75,1.8,3.8,3.4,5.25,4.75,-0.05,0.4,0.5,1.75,1.85,0.1,3.4,3.8,0.4,4.75,5.25,0.5
"366",366,54074844,"2016-10-15","16:00:00","draw",4.5,1.5,1.44,4.6,4.5,7,6.5,0.0600000000000001,0.0999999999999996,0.5,1.44,1.53,0.0900000000000001,4.5,4.75,0.25,6.5,7,0.5
"367",367,54074847,"2016-10-15","16:00:00","home",2.05,1.91,2.05,3.6,3.3,4.5,3.6,-0.14,0.3,0.9,1.91,2.05,0.14,3.3,3.6,0.3,3.6,4.5,0.9
"368",368,54074850,"2016-10-15","16:00:00","draw",3.8,5.5,5,3.9,3.8,1.7,1.65,0.5,0.1,0.05,5,5.5,0.5,3.6,3.9,0.3,1.65,1.73,0.0800000000000001
"369",369,54075612,"2016-10-15","18:30:00","away",3.4,2.25,2.15,3.4,3.3,3.5,3.4,0.1,0.1,0.1,2.05,2.25,0.2,3.3,3.6,0.3,3.4,3.9,0.5
"370",370,54371979,"2016-10-16","14:30:00","away",3.5,2.3,2.15,3.25,3.2,3.5,3.5,0.15,0.0499999999999998,0,2.15,2.35,0.2,3.2,3.3,0.0999999999999996,3.4,3.6,0.2
"371",371,54372774,"2016-10-16","17:00:00","home",1.36,1.36,1.36,5,4.5,11,9,0,0.5,2,1.33,1.4,0.0699999999999998,4.5,5,0.5,9,13,4
"372",372,54663687,"2016-10-17","21:00:00","draw",3.5,2.25,2.2,3.3,3.5,3.6,3.5,0.0499999999999998,-0.2,0.1,2.15,2.25,0.1,3.3,3.5,0.2,3.5,3.6,0.1
"373",373,56088599,"2016-10-22","13:30:00","draw",3.5,4.5,3.8,3.6,3.5,1.91,1.95,0.7,0.1,-0.04,3.8,4.5,0.7,3.5,3.7,0.2,1.91,2,0.0900000000000001
"374",374,56089476,"2016-10-22","16:00:00","draw",5.75,1.25,1.22,6.5,5.75,14,13,0.03,0.75,1,1.22,1.29,0.0700000000000001,5.5,6.5,1,12,15,3
"375",375,56089479,"2016-10-22","16:00:00","home",5.5,6,5.5,3.8,3.6,1.67,1.65,0.5,0.2,0.02,5.5,6,0.5,3.6,3.8,0.2,1.65,1.67,0.02
"376",376,56089481,"2016-10-22","16:00:00","away",2.38,3,3,3.3,3.2,2.6,2.38,0,0.0999999999999996,0.22,3,3.1,0.1,3.2,3.3,0.0999999999999996,2.38,2.6,0.22
"377",377,56089485,"2016-10-22","16:00:00","home",2.05,2,2.05,3.4,3.3,4.33,3.6,-0.0499999999999998,0.1,0.73,1.95,2.1,0.15,3.3,3.5,0.2,3.6,4.5,0.9
"378",378,56089488,"2016-10-22","16:00:00","draw",3.3,2.55,2.2,3.25,3.3,3.1,3.25,0.35,-0.0499999999999998,-0.15,2.2,2.55,0.35,3.25,3.3,0.0499999999999998,3.1,3.3,0.2
"379",379,56089491,"2016-10-22","16:00:00","home",1.7,1.65,1.7,4,3.6,6,5,-0.05,0.4,1,1.62,1.7,0.0799999999999998,3.6,4.2,0.6,5,6,1
"380",380,56090078,"2016-10-22","18:30:00","home",1.22,1.29,1.22,6,6,13,12,0.0700000000000001,0,1,1.22,1.29,0.0700000000000001,6,6,0,10,13,3
"381",381,56388685,"2016-10-23","14:30:00","draw",4.5,1.44,1.44,4.75,4.5,8,7,0,0.25,1,1.44,1.5,0.0600000000000001,4.5,4.75,0.25,7,8,1
"382",382,56389467,"2016-10-23","17:00:00","home",2.05,2.2,2.05,3.25,3.4,3.75,3.5,0.15,-0.15,0.25,2.05,2.25,0.2,3.25,3.4,0.15,3.5,3.8,0.3
"383",383,58103653,"2016-10-29","13:30:00","away",1.36,8,8,4.75,4.75,1.44,1.36,0,0,0.0799999999999998,7.5,9,1.5,4.75,5,0.25,1.36,1.44,0.0799999999999998
"384",384,58104436,"2016-10-29","16:00:00","draw",6.5,1.22,1.17,6.5,6.5,17,19,0.05,0,-2,1.17,1.22,0.05,6.5,7,0.5,15,19,4
"385",385,58104439,"2016-10-29","16:00:00","home",2.3,2.5,2.3,3.2,3.1,3.2,3.25,0.2,0.1,-0.0499999999999998,2.3,2.6,0.3,3.1,3.2,0.1,3.1,3.25,0.15
"386",386,58104442,"2016-10-29","16:00:00","draw",3.75,1.62,1.62,4.2,3.75,6,5.5,0,0.45,0.5,1.57,1.62,0.05,3.75,4.2,0.45,5.5,6,0.5
"387",387,58104445,"2016-10-29","16:00:00","home",1.7,1.73,1.7,3.75,3.6,5.5,5,0.03,0.15,0.5,1.7,1.75,0.05,3.6,3.75,0.15,5,5.75,0.75
"388",388,58104448,"2016-10-29","16:00:00","away",1.44,8,7,4.75,4.33,1.45,1.44,1,0.42,0.01,7,8,1,4.2,4.75,0.55,1.44,1.45,0.01
"389",389,58105229,"2016-10-29","18:30:00","away",1.67,5,5,4,3.8,1.75,1.67,0,0.2,0.0800000000000001,4.8,5.5,0.7,3.8,4.2,0.4,1.67,1.75,0.0800000000000001
"390",390,58393890,"2016-10-30","14:30:00","home",1.7,1.85,1.7,3.75,3.75,4.5,4.75,0.15,0,-0.25,1.7,1.91,0.21,3.75,3.8,0.0499999999999998,4.2,4.75,0.55
"391",391,58394545,"2016-10-30","17:00:00","away",2.3,3.2,3,3.4,3.4,2.4,2.3,0.2,0,0.1,3,3.25,0.25,3.4,3.4,0,2.3,2.5,0.2
"392",392,58683023,"2016-10-31","21:00:00","home",2.05,2.05,2.05,3.6,3.6,3.9,3.8,0,0,0.1,2.05,2.1,0.0500000000000003,3.5,3.6,0.1,3.75,3.9,0.15
"393",393,60115589,"2016-11-05","16:00:00","away",6,1.6,1.6,4.33,3.6,5.75,6,0,0.73,-0.25,1.6,1.67,0.0699999999999998,3.6,4.33,0.73,5.5,6,0.5
"394",394,60115592,"2016-11-05","16:00:00","home",2.9,3.5,2.9,3.25,3.3,2.3,2.38,0.6,-0.0499999999999998,-0.0800000000000001,2.9,3.5,0.6,3.25,3.3,0.0499999999999998,2.3,2.38,0.0800000000000001
"395",395,60115596,"2016-11-05","16:00:00","draw",6,1.2,1.2,7.5,6,17,15,0,1.5,2,1.2,1.25,0.05,6,7.5,1.5,12,17,5
"396",396,60115600,"2016-11-05","16:00:00","draw",3.4,2,2.05,3.6,3.4,4,3.5,-0.0499999999999998,0.2,0.5,1.91,2.05,0.14,3.4,3.6,0.2,3.5,4,0.5
"397",397,60116128,"2016-11-05","18:30:00","home",1.53,1.5,1.53,4.5,4,7.5,6,-0.03,0.5,1.5,1.5,1.53,0.03,4,4.5,0.5,6,7.5,1.5
"398",398,60431858,"2016-11-06","13:00:00","draw",3.6,1.95,1.91,3.6,3.6,4.2,3.75,0.04,0,0.45,1.91,1.95,0.04,3.6,3.6,0,3.75,4.5,0.75
"399",399,60432797,"2016-11-06","15:15:00","home",5.5,5.75,5.5,3.8,3.6,1.7,1.65,0.25,0.2,0.05,5.25,6,0.75,3.6,3.8,0.2,1.65,1.75,0.1
"400",400,60432800,"2016-11-06","15:15:00","home",1.29,1.29,1.29,6,5.5,13,10,0,0.5,3,1.29,1.29,0,5.5,6,0.5,10,13,3
"401",401,60432849,"2016-11-06","16:00:00","away",1.57,5.25,6,4,3.75,1.7,1.57,-0.75,0.25,0.13,4.75,6,1.25,3.6,4,0.4,1.57,1.75,0.18
"402",402,60433153,"2016-11-06","17:30:00","away",4.75,1.73,1.73,3.7,3.6,5.75,4.75,0,0.1,1,1.67,1.8,0.13,3.6,3.8,0.2,4.75,6,1.25
"403",403,64214876,"2016-11-19","13:30:00","draw",3.3,2.5,2.5,3.3,3.3,3.1,2.8,0,0,0.3,2.5,2.6,0.1,3.25,3.4,0.15,2.8,3.1,0.3
"404",404,6992577,"2016-04-02","13:45:00","away",1.53,5,6,3.7,4,1.8,1.53,-1,-0.3,0.27,5,7,2,3.7,4.33,0.63,1.53,1.8,0.27
"405",405,6992859,"2016-04-02","16:00:00","home",1.33,1.36,1.33,5.25,5,10,8.5,0.03,0.25,1.5,1.33,1.36,0.03,5,5.75,0.75,8.5,10,1.5
"406",406,6992860,"2016-04-02","16:00:00","away",2,4,3.6,3.6,3.5,2,2,0.4,0.1,0,3.5,4,0.5,3.5,3.7,0.2,2,2.2,0.2
"407",407,6992862,"2016-04-02","16:00:00","home",2.2,2.38,2.2,3.3,3.3,3.3,3.25,0.18,0,0.0499999999999998,2.2,2.38,0.18,3.3,3.4,0.1,3.25,3.6,0.35
"408",408,6992863,"2016-04-02","16:00:00","draw",3.1,2.15,2.1,3.3,3.1,3.9,3.8,0.0499999999999998,0.2,0.1,2.1,2.2,0.1,3.1,3.4,0.3,3.6,3.9,0.3
"409",409,6992864,"2016-04-02","16:00:00","draw",3.2,2,2.1,3.4,3.2,4.33,3.6,-0.1,0.2,0.73,2,2.1,0.1,3.2,3.4,0.2,3.6,4.33,0.73
"410",410,6992865,"2016-04-02","16:00:00","draw",3.5,1.85,1.95,3.6,3.5,4.75,3.8,-0.0999999999999999,0.1,0.95,1.85,2,0.15,3.5,3.75,0.25,3.8,4.75,0.95
"411",411,6993234,"2016-04-02","18:30:00","draw",3.3,2.15,2.38,3.6,3.3,3.5,2.9,-0.23,0.3,0.6,2.15,2.6,0.45,3.3,3.6,0.3,2.8,3.5,0.7
"412",412,7148141,"2016-04-03","14:30:00","home",2.15,2.3,2.15,3.4,3.3,3.4,3.4,0.15,0.1,0,2.15,2.3,0.15,3.3,3.4,0.1,3.4,3.6,0.2
"413",413,7148534,"2016-04-03","17:00:00","home",1.95,1.95,1.95,3.6,3.5,4.2,3.8,0,0.1,0.4,1.95,2.1,0.15,3.4,3.6,0.2,3.5,4.33,0.83
"414",414,8058580,"2016-04-09","13:45:00","draw",3.5,4,3.6,3.8,3.5,1.95,2,0.4,0.3,-0.05,3.6,4,0.4,3.5,3.8,0.3,1.91,2,0.0900000000000001
"415",415,8058876,"2016-04-09","16:00:00","away",2.2,3.75,3.4,3.5,3.2,2.1,2.2,0.35,0.3,-0.1,3.4,4,0.6,3.2,3.5,0.3,2.05,2.25,0.2
"416",416,8058877,"2016-04-09","16:00:00","home",2.05,1.91,2.05,3.6,3.4,4.5,3.6,-0.14,0.2,0.9,1.91,2.15,0.24,3.4,3.6,0.2,3.6,4.5,0.9
"417",417,8058878,"2016-04-09","16:00:00","home",1.53,1.62,1.53,4.2,4,6,6,0.0900000000000001,0.2,0,1.53,1.67,0.14,4,4.2,0.2,5.75,6.5,0.75
"418",418,8058879,"2016-04-09","16:00:00","home",3.75,3.1,3.75,3.3,3.4,2.5,2,-0.65,-0.1,0.5,3.1,4,0.9,3.3,3.5,0.2,2,2.5,0.5
"419",419,8058880,"2016-04-09","16:00:00","draw",3.3,3.5,3.4,3.4,3.3,2.25,2.15,0.1,0.1,0.1,3.4,3.6,0.2,3.3,3.5,0.2,2.15,2.3,0.15
"420",420,8059278,"2016-04-09","18:30:00","home",1.29,1.33,1.29,5.5,5,11,12,0.04,0.5,-1,1.29,1.36,0.0700000000000001,5,5.75,0.75,9,12,3
"421",421,8220070,"2016-04-10","14:30:00","away",2.1,3.25,3.4,3.3,3.4,2.4,2.1,-0.15,-0.1,0.3,3.25,3.8,0.55,3.3,3.4,0.1,2.1,2.4,0.3
"422",422,8220461,"2016-04-10","17:00:00","home",1.55,1.65,1.55,4,4,6,5.75,0.0999999999999999,0,0.25,1.55,1.67,0.12,3.75,4.2,0.45,5.75,6,0.25
"423",423,8220462,"2016-04-10","17:00:00","home",1.91,2,1.91,3.6,3.5,4,4,0.0900000000000001,0.1,0,1.91,2.05,0.14,3.5,3.6,0.1,3.9,4.5,0.6
"424",424,8684575,"2016-04-13","21:00:00","draw",3.3,2.63,3.1,3.4,3.3,2.88,2.3,-0.47,0.1,0.58,2.63,3.1,0.47,3.25,3.4,0.15,2.3,2.88,0.58
"425",425,9149278,"2016-04-16","13:45:00","away",3,2.3,2.38,3.4,3.25,3.4,3,-0.0800000000000001,0.15,0.4,2.3,2.45,0.15,3.25,3.4,0.15,3,3.4,0.4
"426",426,9149576,"2016-04-16","16:00:00","draw",3.3,3,2.25,3.4,3.3,2.5,3.2,0.75,0.1,-0.7,2.25,3.1,0.85,3.25,3.4,0.15,2.45,3.2,0.75
"427",427,9149577,"2016-04-16","16:00:00","home",1.2,1.25,1.2,6.5,6,15,15,0.05,0.5,0,1.2,1.29,0.0900000000000001,5.75,7,1.25,13,17,4
"428",428,9149578,"2016-04-16","16:00:00","home",2.3,2.5,2.3,3.4,3.25,3,3.1,0.2,0.15,-0.1,2.3,2.5,0.2,3.25,3.4,0.15,3,3.4,0.4
"429",429,9149579,"2016-04-16","16:00:00","away",3.2,2.4,2.3,3.2,3.2,3.4,3.2,0.1,0,0.2,2.3,2.4,0.1,3.2,3.25,0.0499999999999998,3.2,3.5,0.3
"430",430,9150029,"2016-04-16","18:30:00","away",2.8,2.6,2.5,3.5,3.3,2.8,2.8,0.1,0.2,0,2.5,2.88,0.38,3.25,3.6,0.35,2.6,2.8,0.2
"431",431,9308688,"2016-04-17","14:30:00","away",2.15,2.7,3.3,3.4,3.4,2.75,2.15,-0.6,0,0.6,2.65,3.6,0.95,3.4,3.5,0.1,2.15,2.8,0.65
"432",432,9308689,"2016-04-17","14:30:00","draw",3.5,1.95,1.95,3.6,3.5,4.2,3.75,0,0.1,0.45,1.83,2,0.17,3.5,3.7,0.2,3.75,4.2,0.45
"433",433,9309100,"2016-04-17","17:00:00","draw",5,1.33,1.33,5.75,5,10,9,0,0.75,1,1.33,1.36,0.03,5,5.75,0.75,9,10,1
"434",434,9469706,"2016-04-18","21:00:00","away",1.85,5,4.5,3.9,3.75,1.75,1.85,0.5,0.15,-0.1,4.5,5.5,1,3.75,4,0.25,1.7,1.85,0.15
